timestamp,overall_sentiment,sentiment_score,confidence,total_tokens_analyzed,bullish_tokens,bearish_tokens,neutral_tokens,AI16Z_action,AI16Z_sentiment_score,AI16Z_confidence,AI16Z_price,AI16Z_market_regime,SOL_action,SOL_sentiment_score,SOL_confidence,SOL_price,SOL_market_regime,FART_action,FART_sentiment_score,FART_confidence,FART_price,FART_market_regime,WIF_action,WIF_sentiment_score,WIF_confidence,WIF_price,WIF_market_regime,BONK_action,BONK_sentiment_score,BONK_confidence,BONK_price,BONK_market_regime,BTC_action,BTC_sentiment_score,BTC_confidence,BTC_price,BTC_market_regime,BOME_action,BOME_sentiment_score,BOME_confidence,BOME_price,BOME_market_regime,JTO_action,JTO_sentiment_score,JTO_confidence,JTO_price,JTO_market_regime,PYTH_action,PYTH_sentiment_score,PYTH_confidence,PYTH_price,PYTH_market_regime
1753219723.758476,NEUTRAL,22.5,65.0,3,1,0,2,NOTHING,0.0,55.0,0.19681,VOLATILE_BREAKOUT,NOTHING,0.0,65.0,201.12,STRONG_TREND,BUY,75.0,75.0,1.6063,STRONG_TREND,,,,,,,,,,,,,,,,,,,,,,,,,,,,,,
1753223087.797061,BULLISH,31.25,72.08333333333334,2,1,0,1,,,,,,NOTHING,0.0,70.0,202.45,STRONG_TREND,,,,,,BUY,75.0,75.0,1.235,STRONG_TREND,,,,,,,,,,,,,,,,,,,,,,,,,
1753224181.369495,BULLISH,45.00000000000001,69.00000000000001,4,3,0,1,,,,,,NOTHING,0.0,65.0,202.72,STRONG_TREND,,,,,,BUY,75.0,70.0,1.2346,STRONG_TREND,BUY,75.0,75.0,1.5624411188508385,INSUFFICIENT_DATA,BUY,75.0,70.0,119920.72256724034,INSUFFICIENT_DATA,,,,,,,,,,,,,,,
1753227372.004587,BULLISH,37.5,73.125,3,2,0,1,,,,,,NOTHING,0.0,70.0,204.41,STRONG_TREND,BUY,75.0,80.0,1.6625,STRONG_TREND,BUY,75.0,75.0,1.2701,STRONG_TREND,,,,,,,,,,,,,,,,,,,,,,,,,
1753229150.130368,STRONG_BULLISH,75.0,73.25,5,5,0,0,,,,,,BUY,75.0,80.0,205.21,STRONG_TREND,,,,,,BUY,75.0,70.0,1.2634,STRONG_TREND,,,,,,,,,,,BUY,75.0,65.0,0.002337,STRONG_TREND,BUY,75.0,75.0,2.2049,STRONG_TREND,BUY,75.0,70.0,0.14699,NEUTRAL
1756339954.346675,NEUTRAL,0.0,54.0,5,0,0,5,,,,,,NOTHING,0.0,65.0,204.19,NEUTRAL,,,,,,NOTHING,0.0,45.0,0.81934,NEUTRAL,,,,,,,,,,,NOTHING,0.0,45.0,0.001976,NEUTRAL,NOTHING,0.0,65.0,1.9595,VOLATILE_BREAKOUT,NOTHING,0.0,45.0,0.11568,NEUTRAL
1756762671.351458,NEUTRAL,0.0,55.25,5,0,0,5,,,,,,NOTHING,0.0,55.0,195.84,NEUTRAL,,,,,,NOTHING,0.0,55.0,0.73773,NEUTRAL,,,,,,,,,,,NOTHING,0.0,55.0,0.001778,NEUTRAL,NOTHING,0.0,60.0,1.8127,NEUTRAL,NOTHING,0.0,55.0,0.16149,NEUTRAL
1756766322.929518,NEUTRAL,0.0,60.25,5,0,0,5,,,,,,NOTHING,0.0,60.0,194.94,NEUTRAL,,,,,,NOTHING,0.0,60.0,0.74171,NEUTRAL,,,,,,,,,,,NOTHING,0.0,60.0,0.001779,NEUTRAL,NOTHING,0.0,65.0,1.8098,NEUTRAL,NOTHING,0.0,60.0,0.15923,NEUTRAL
1756771964.287561,NEUTRAL,0.0,55.25,5,0,0,5,,,,,,NOTHING,0.0,55.0,197.09,NEUTRAL,,,,,,NOTHING,0.0,55.0,0.75369,NEUTRAL,,,,,,,,,,,NOTHING,0.0,55.0,0.001807,NEUTRAL,NOTHING,0.0,60.0,1.8269,NEUTRAL,NOTHING,0.0,55.0,0.16183,NEUTRAL
1756773206.741676,NEUTRAL,0.0,59.75,5,0,0,5,,,,,,NOTHING,0.0,60.0,197.58,NEUTRAL,,,,,,NOTHING,0.0,60.0,0.75655,WEAK_TREND,,,,,,,,,,,NOTHING,0.0,60.0,0.001817,VOLATILE_BREAKOUT,NOTHING,0.0,55.0,1.8307,VOLATILE_BREAKOUT,NOTHING,0.0,60.0,0.16057,VOLATILE_BREAKOUT
1756774623.536319,STRONG_BULLISH,100.0,81.25,5,5,0,0,,,,,,BUY,100.0,70.0,197.23,NEUTRAL,,,,,,BUY,100.0,90.0,0.75338,WEAK_TREND,,,,,,,,,,,BUY,100.0,90.0,0.001805,VOLATILE_BREAKOUT,BUY,100.0,75.0,1.831,VOLATILE_BREAKOUT,BUY,100.0,90.0,0.15951,VOLATILE_BREAKOUT
1756777940.822073,STRONG_BULLISH,100.0,75.75,5,5,0,0,,,,,,BUY,100.0,75.0,199.86,NEUTRAL,,,,,,BUY,100.0,75.0,0.76334,WEAK_TREND,,,,,,,,,,,BUY,100.0,75.0,0.001837,VOLATILE_BREAKOUT,BUY,100.0,75.0,1.8576,VOLATILE_BREAKOUT,BUY,100.0,90.0,0.16461,VOLATILE_BREAKOUT
1756778854.915584,STRONG_BULLISH,100.0,75.75,5,5,0,0,,,,,,BUY,100.0,75.0,199.69,NEUTRAL,,,,,,BUY,100.0,75.0,0.76074,WEAK_TREND,,,,,,,,,,,BUY,100.0,75.0,0.001829,VOLATILE_BREAKOUT,BUY,100.0,75.0,1.8551,VOLATILE_BREAKOUT,BUY,100.0,90.0,0.16306,VOLATILE_BREAKOUT
1756779506.195003,STRONG_BULLISH,100.0,83.25,5,5,0,0,,,,,,BUY,100.0,75.0,199.02,NEUTRAL,,,,,,BUY,100.0,90.0,0.75584,WEAK_TREND,,,,,,,,,,,BUY,100.0,90.0,0.001823,VOLATILE_BREAKOUT,BUY,100.0,75.0,1.8505,VOLATILE_BREAKOUT,BUY,100.0,90.0,0.16271,VOLATILE_BREAKOUT
1756788616.417815,STRONG_BULLISH,100.0,77.5,5,5,0,0,,,,,,BUY,100.0,75.0,202.38,NEUTRAL,,,,,,BUY,100.0,75.0,0.7759,WEAK_TREND,,,,,,,,,,,BUY,100.0,85.0,0.001881,VOLATILE_BREAKOUT,BUY,100.0,75.0,1.8847,NEUTRAL,BUY,100.0,85.0,0.16699,VOLATILE_BREAKOUT
1756789341.80802,STRONG_BULLISH,100.0,75.75,5,5,0,0,,,,,,BUY,100.0,75.0,203.04,NEUTRAL,,,,,,BUY,100.0,75.0,0.77692,WEAK_TREND,,,,,,,,,,,BUY,100.0,75.0,0.001876,VOLATILE_BREAKOUT,BUY,100.0,75.0,1.892,NEUTRAL,BUY,100.0,90.0,0.16742,VOLATILE_BREAKOUT
1757817603.840002,STRONG_BULLISH,100.0,84.75,5,5,0,0,,,,,,BUY,100.0,90.0,246.75,VOLATILE_BREAKOUT,,,,,,BUY,100.0,75.0,0.96843,VOLATILE_BREAKOUT,,,,,,,,,,,BUY,100.0,90.0,0.002246,VOLATILE_BREAKOUT,BUY,100.0,90.0,1.9992,NEUTRAL,BUY,100.0,75.0,0.17434,NEUTRAL
1760826485.807428,NEUTRAL,0.0,57.0,5,0,0,5,,,,,,NOTHING,0.0,60.0,187.53,NEUTRAL,,,,,,NOTHING,0.0,55.0,0.51877,NEUTRAL,,,,,,,,,,,NOTHING,0.0,55.0,0.001064,NEUTRAL,NOTHING,0.0,55.0,1.0795,NEUTRAL,NOTHING,0.0,55.0,0.11144,NEUTRAL
1760829004.195838,NEUTRAL,0.0,55.25,5,0,0,5,,,,,,NOTHING,0.0,55.0,187.48,NEUTRAL,,,,,,NOTHING,0.0,55.0,0.51705,NEUTRAL,,,,,,,,,,,NOTHING,0.0,55.0,0.00106,NEUTRAL,NOTHING,0.0,60.0,1.0676,NEUTRAL,NOTHING,0.0,55.0,0.1111,NEUTRAL
1760832636.132984,NEUTRAL,0.0,55.0,5,0,0,5,,,,,,NOTHING,0.0,55.0,187.06,NEUTRAL,,,,,,NOTHING,0.0,55.0,0.51495,NEUTRAL,,,,,,,,,,,NOTHING,0.0,55.0,0.001054,NEUTRAL,NOTHING,0.0,55.0,1.0645,NEUTRAL,NOTHING,0.0,55.0,0.11098,NEUTRAL
1760836269.759343,NEUTRAL,0.0,55.0,5,0,0,5,,,,,,NOTHING,0.0,55.0,184.82,NEUTRAL,,,,,,NOTHING,0.0,55.0,0.5121,NEUTRAL,,,,,,,,,,,NOTHING,0.0,55.0,0.001045,NEUTRAL,NOTHING,0.0,55.0,1.0527,VOLATILE_BREAKOUT,NOTHING,0.0,55.0,0.10984,VOLATILE_BREAKOUT
1760839903.821696,NEUTRAL,0.0,56.5,5,0,0,5,,,,,,NOTHING,0.0,55.0,185.72,NEUTRAL,,,,,,NOTHING,0.0,60.0,0.51581,NEUTRAL,,,,,,,,,,,NOTHING,0.0,55.0,0.001054,NEUTRAL,NOTHING,0.0,55.0,1.0579,VOLATILE_BREAKOUT,NOTHING,0.0,55.0,0.11069,NEUTRAL
1760843536.156929,NEUTRAL,0.0,55.0,5,0,0,5,,,,,,NOTHING,0.0,55.0,185.12,NEUTRAL,,,,,,NOTHING,0.0,55.0,0.51375,NEUTRAL,,,,,,,,,,,NOTHING,0.0,55.0,0.00105,NEUTRAL,NOTHING,0.0,55.0,1.051,VOLATILE_BREAKOUT,NOTHING,0.0,55.0,0.11014,VOLATILE_BREAKOUT
1760847168.910157,NEUTRAL,0.0,55.0,5,0,0,5,,,,,,NOTHING,0.0,55.0,186.6,NEUTRAL,,,,,,NOTHING,0.0,55.0,0.51734,NEUTRAL,,,,,,,,,,,NOTHING,0.0,55.0,0.001059,NEUTRAL,NOTHING,0.0,55.0,1.0639,NEUTRAL,NOTHING,0.0,55.0,0.11134,VOLATILE_BREAKOUT
1760850800.996017,NEUTRAL,0.0,55.0,5,0,0,5,,,,,,NOTHING,0.0,55.0,186.82,NEUTRAL,,,,,,NOTHING,0.0,55.0,0.51694,NEUTRAL,,,,,,,,,,,NOTHING,0.0,55.0,0.001059,NEUTRAL,NOTHING,0.0,55.0,1.0678,NEUTRAL,NOTHING,0.0,55.0,0.11086,VOLATILE_BREAKOUT
1760854445.663081,NEUTRAL,0.0,55.6,5,0,0,5,,,,,,NOTHING,0.0,55.0,186.3,NEUTRAL,,,,,,NOTHING,0.0,55.0,0.51442,NEUTRAL,,,,,,,,,,,NOTHING,0.0,58.0,0.001052,VOLATILE_BREAKOUT,NOTHING,0.0,55.0,1.0657,NEUTRAL,NOTHING,0.0,55.0,0.11022,VOLATILE_BREAKOUT
1760858089.118662,NEUTRAL,0.0,55.0,5,0,0,5,,,,,,NOTHING,0.0,55.0,185.56,NEUTRAL,,,,,,NOTHING,0.0,55.0,0.5148,NEUTRAL,,,,,,,,,,,NOTHING,0.0,55.0,0.00105,VOLATILE_BREAKOUT,NOTHING,0.0,55.0,1.0571,NEUTRAL,NOTHING,0.0,55.0,0.11037,VOLATILE_BREAKOUT
1760861734.444137,NEUTRAL,0.0,55.0,5,0,0,5,,,,,,NOTHING,0.0,55.0,185.88,NEUTRAL,,,,,,NOTHING,0.0,55.0,0.51544,VOLATILE_BREAKOUT,,,,,,,,,,,NOTHING,0.0,55.0,0.001054,VOLATILE_BREAKOUT,NOTHING,0.0,55.0,1.061,NEUTRAL,NOTHING,0.0,55.0,0.11226,NEUTRAL
1760865377.014321,NEUTRAL,0.0,56.0,5,0,0,5,,,,,,NOTHING,0.0,55.0,184.0,NEUTRAL,,,,,,NOTHING,0.0,55.0,0.51051,VOLATILE_BREAKOUT,,,,,,,,,,,NOTHING,0.0,60.0,0.001044,VOLATILE_BREAKOUT,NOTHING,0.0,55.0,1.0564,NEUTRAL,NOTHING,0.0,55.0,0.11085,VOLATILE_BREAKOUT
1760869020.824458,NEUTRAL,0.0,55.0,5,0,0,5,,,,,,NOTHING,0.0,55.0,187.25,NEUTRAL,,,,,,NOTHING,0.0,55.0,0.5191,NEUTRAL,,,,,,,,,,,NOTHING,0.0,55.0,0.001066,VOLATILE_BREAKOUT,NOTHING,0.0,55.0,1.0805,NEUTRAL,NOTHING,0.0,55.0,0.11186,NEUTRAL
1760872653.242993,WEAK_BULLISH,34.32000000000001,59.25,5,1,0,4,,,,,,BUY,85.80000000000001,65.0,189.59,SIDEWAYS,,,,,,NOTHING,0.0,55.0,0.52903,SIDEWAYS,,,,,,,,,,,NOTHING,0.0,55.0,0.001099,SIDEWAYS,NOTHING,0.0,60.0,1.094,NEUTRAL,NOTHING,0.0,55.0,0.11437,NEUTRAL
1760876285.467104,BEARISH,-65.0,71.25,5,0,3,2,,,,,,SELL,-100.0,80.0,188.16,NEUTRAL,,,,,,NOTHING,0.0,55.0,0.52083,VOLATILE_BREAKOUT,,,,,,,,,,,SELL,-100.0,80.0,0.001079,VOLATILE_BREAKOUT,NOTHING,0.0,55.0,1.0729,NEUTRAL,SELL,-100.0,80.0,0.11292,VOLATILE_BREAKOUT
1760879917.640253,BEARISH,-65.0,71.25,5,0,3,2,,,,,,SELL,-100.0,80.0,188.61,NEUTRAL,,,,,,NOTHING,0.0,55.0,0.52124,VOLATILE_BREAKOUT,,,,,,,,,,,SELL,-100.0,80.0,0.001084,NEUTRAL,NOTHING,0.0,55.0,1.076,NEUTRAL,SELL,-100.0,80.0,0.1132,VOLATILE_BREAKOUT
1760883551.858978,STRONG_BEARISH,-95.0,79.25,5,0,4,1,,,,,,SELL,-100.0,80.0,190.87,NEUTRAL,,,,,,SELL,-100.0,80.0,0.53106,NEUTRAL,,,,,,,,,,,SELL,-100.0,80.0,0.001104,NEUTRAL,NOTHING,0.0,55.0,1.0898,NEUTRAL,SELL,-100.0,90.0,0.11477,NEUTRAL
1760887183.189679,STRONG_BEARISH,-95.0,78.75,5,0,4,1,,,,,,SELL,-100.0,80.0,190.45,NEUTRAL,,,,,,SELL,-100.0,80.0,0.53149,NEUTRAL,,,,,,,,,,,SELL,-100.0,80.0,0.001101,NEUTRAL,NOTHING,0.0,55.0,1.0894,NEUTRAL,SELL,-100.0,80.0,0.11504,NEUTRAL
1760890816.457549,STRONG_BEARISH,-78.57142857142856,78.57142857142856,4,1,2,1,,,,,,SELL,-100.0,80.0,190.17,NEUTRAL,,,,,,,,,,,,,,,,,,,,,SELL,-100.0,80.0,0.001097,NEUTRAL,BUY,100.0,80.0,1.0824,NEUTRAL,NOTHING,0.0,60.0,0.11431,NEUTRAL
1760894463.304851,STRONG_BEARISH,-90.0,80.5,5,1,4,0,,,,,,SELL,-100.0,80.0,191.49,NEUTRAL,,,,,,SELL,-100.0,80.0,0.53832,NEUTRAL,,,,,,,,,,,SELL,-100.0,80.0,0.001104,NEUTRAL,BUY,100.0,90.0,1.0953,NEUTRAL,SELL,-100.0,80.0,0.11585,NEUTRAL
1760898107.801133,STRONG_BEARISH,-90.0,85.5,5,1,4,0,,,,,,SELL,-100.0,80.0,189.28,NEUTRAL,,,,,,SELL,-100.0,90.0,0.53301,NEUTRAL,,,,,,,,,,,SELL,-100.0,90.0,0.001098,NEUTRAL,BUY,100.0,90.0,1.0875,NEUTRAL,SELL,-100.0,80.0,0.11567,NEUTRAL
1760899337.684223,STRONG_BEARISH,-90.0,80.5,5,1,4,0,,,,,,SELL,-100.0,80.0,189.73,NEUTRAL,,,,,,SELL,-100.0,80.0,0.53655,NEUTRAL,,,,,,,,,,,SELL,-100.0,80.0,0.001102,NEUTRAL,BUY,100.0,90.0,1.0899,NEUTRAL,SELL,-100.0,80.0,0.11656,NEUTRAL
1760901751.403943,STRONG_BEARISH,-90.0,80.5,5,1,4,0,,,,,,SELL,-100.0,80.0,188.92,NEUTRAL,,,,,,SELL,-100.0,80.0,0.53562,NEUTRAL,,,,,,,,,,,SELL,-100.0,80.0,0.0011,NEUTRAL,BUY,100.0,80.0,1.0883,NEUTRAL,SELL,-100.0,90.0,0.11651,NEUTRAL
1760902984.010044,WEAK_BEARISH,-50.0,72.0,5,1,3,1,,,,,,NOTHING,0.0,60.0,188.78,NEUTRAL,,,,,,SELL,-100.0,80.0,0.53655,NEUTRAL,,,,,,,,,,,SELL,-100.0,80.0,0.001101,NEUTRAL,BUY,100.0,80.0,1.0907,NEUTRAL,SELL,-100.0,80.0,0.11667,NEUTRAL
1760905385.774013,NEUTRAL,-20.0,68.0,5,1,2,2,,,,,,NOTHING,0.0,65.0,188.8,NEUTRAL,,,,,,NOTHING,0.0,60.0,0.53614,NEUTRAL,,,,,,,,,,,SELL,-100.0,80.0,0.001101,NEUTRAL,BUY,100.0,80.0,1.0902,NEUTRAL,SELL,-100.0,80.0,0.11628,NEUTRAL
1760906830.496814,WEAK_BEARISH,-50.0,74.0,5,1,3,1,,,,,,NOTHING,0.0,65.0,189.58,NEUTRAL,,,,,,SELL,-100.0,80.0,0.53763,NEUTRAL,,,,,,,,,,,SELL,-100.0,80.0,0.001101,NEUTRAL,BUY,100.0,80.0,1.0958,NEUTRAL,SELL,-100.0,80.0,0.1171,NEUTRAL
1760910477.457989,NEUTRAL,5.0,61.0,5,1,0,4,,,,,,NOTHING,0.0,60.0,189.29,NEUTRAL,,,,,,NOTHING,0.0,60.0,0.53393,NEUTRAL,,,,,,,,,,,NOTHING,0.0,60.0,0.001095,NEUTRAL,BUY,100.0,80.0,1.0901,NEUTRAL,NOTHING,0.0,60.0,0.11617,NEUTRAL
1760914120.656606,WEAK_BEARISH,-50.0,74.0,5,1,3,1,,,,,,NOTHING,0.0,65.0,189.83,NEUTRAL,,,,,,SELL,-100.0,80.0,0.53803,NEUTRAL,,,,,,,,,,,SELL,-100.0,80.0,0.001098,NEUTRAL,BUY,100.0,80.0,1.0991,NEUTRAL,SELL,-100.0,80.0,0.11637,NEUTRAL
1760917763.962788,WEAK_BULLISH,25.0,64.0,5,2,0,3,,,,,,NOTHING,0.0,60.0,187.25,SIDEWAYS,,,,,,NOTHING,0.0,65.0,0.53029,SIDEWAYS,,,,,,,,,,,BUY,100.0,65.0,0.001087,NEUTRAL,BUY,100.0,90.0,1.0847,NEUTRAL,NOTHING,0.0,60.0,0.11479,SIDEWAYS
1760921402.646093,NEUTRAL,6.25,66.5625,4,1,0,3,,,,,,NOTHING,0.0,65.0,185.0,SIDEWAYS,,,,,,NOTHING,0.0,65.0,0.52325,SIDEWAYS,,,,,,,,,,,,,,,,BUY,100.0,90.0,1.0755,NEUTRAL,NOTHING,0.0,65.0,0.11311,SIDEWAYS
1760925039.459968,NEUTRAL,5.0,61.75,5,1,0,4,,,,,,NOTHING,0.0,60.0,185.81,SIDEWAYS,,,,,,NOTHING,0.0,60.0,0.52408,SIDEWAYS,,,,,,,,,,,NOTHING,0.0,60.0,0.001079,SIDEWAYS,BUY,100.0,90.0,1.0788,NEUTRAL,NOTHING,0.0,65.0,0.11376,NEUTRAL
1760928684.278219,NEUTRAL,5.0,64.25,5,1,0,4,,,,,,NOTHING,0.0,65.0,187.23,SIDEWAYS,,,,,,NOTHING,0.0,65.0,0.52895,NEUTRAL,,,,,,,,,,,NOTHING,0.0,55.0,0.001087,NEUTRAL,BUY,100.0,90.0,1.0815,NEUTRAL,NOTHING,0.0,65.0,0.11436,NEUTRAL
1760932333.565407,STRONG_BEARISH,-90.0,79.75,5,1,4,0,,,,,,SELL,-100.0,80.0,189.88,NEUTRAL,,,,,,SELL,-100.0,80.0,0.5428,NEUTRAL,,,,,,,,,,,SELL,-100.0,80.0,0.001103,NEUTRAL,BUY,100.0,75.0,1.0977,NEUTRAL,SELL,-100.0,80.0,0.11652,NEUTRAL
1760935978.546281,WEAK_BEARISH,-45.0,69.0,5,0,2,3,,,,,,SELL,-100.0,80.0,191.79,NEUTRAL,,,,,,NOTHING,0.0,60.0,0.5431,NEUTRAL,,,,,,,,,,,NOTHING,0.0,60.0,0.00111,NEUTRAL,NOTHING,0.0,60.0,1.0966,VOLATILE_BREAKOUT,SELL,-100.0,80.0,0.11649,NEUTRAL
1760939613.660223,BEARISH,-70.0,77.0,5,1,3,1,,,,,,SELL,-100.0,80.0,192.67,NEUTRAL,,,,,,SELL,-100.0,80.0,0.54702,NEUTRAL,,,,,,,,,,,NOTHING,0.0,65.0,0.001112,NEUTRAL,BUY,100.0,70.0,1.1109,NEUTRAL,SELL,-100.0,90.0,0.11703,NEUTRAL
1760943248.02123,STRONG_BEARISH,-90.0,79.75,5,1,4,0,,,,,,SELL,-100.0,80.0,193.76,NEUTRAL,,,,,,SELL,-100.0,80.0,0.55473,NEUTRAL,,,,,,,,,,,SELL,-100.0,80.0,0.001134,NEUTRAL,BUY,100.0,65.0,1.1185,NEUTRAL,SELL,-100.0,90.0,0.12183,VOLATILE_BREAKOUT
1760946885.55753,STRONG_BEARISH,-90.38,83.5,5,1,4,0,,,,,,SELL,-100.0,90.0,192.84,NEUTRAL,,,,,,SELL,-100.0,80.0,0.55194,NEUTRAL,,,,,,,,,,,SELL,-100.0,80.0,0.001125,NEUTRAL,BUY,92.4,70.0,1.1354,SIDEWAYS,SELL,-100.0,80.0,0.11807,NEUTRAL
1760950532.700206,WEAK_BEARISH,-40.71,69.25,5,1,2,2,,,,,,SELL,-100.0,80.0,192.96,VOLATILE_BREAKOUT,,,,,,NOTHING,0.0,60.0,0.55016,VOLATILE_BREAKOUT,,,,,,,,,,,NOTHING,0.0,60.0,0.001123,VOLATILE_BREAKOUT,BUY,85.80000000000001,65.0,1.15,SIDEWAYS,SELL,-100.0,80.0,0.11795,VOLATILE_BREAKOUT
1760954165.621535,BEARISH,-65.0,75.0,5,0,3,2,,,,,,SELL,-100.0,80.0,192.8,VOLATILE_BREAKOUT,,,,,,NOTHING,0.0,65.0,0.55078,VOLATILE_BREAKOUT,,,,,,,,,,,SELL,-100.0,80.0,0.001128,VOLATILE_BREAKOUT,NOTHING,0.0,60.0,1.15,SIDEWAYS,SELL,-100.0,90.0,0.11785,VOLATILE_BREAKOUT
1760957800.442325,NEUTRAL,-20.0,67.75,5,0,1,4,,,,,,NOTHING,0.0,65.0,191.58,VOLATILE_BREAKOUT,,,,,,NOTHING,0.0,65.0,0.55139,VOLATILE_BREAKOUT,,,,,,,,,,,SELL,-100.0,80.0,0.00113,VOLATILE_BREAKOUT,NOTHING,0.0,60.0,1.1492,SIDEWAYS,NOTHING,0.0,65.0,0.11736,VOLATILE_BREAKOUT
1760961433.063021,NEUTRAL,-20.0,66.5,5,0,1,4,,,,,,NOTHING,0.0,65.0,191.95,VOLATILE_BREAKOUT,,,,,,NOTHING,0.0,60.0,0.55029,VOLATILE_BREAKOUT,,,,,,,,,,,SELL,-100.0,80.0,0.001131,VOLATILE_BREAKOUT,NOTHING,0.0,65.0,1.151,SIDEWAYS,NOTHING,0.0,65.0,0.11716,VOLATILE_BREAKOUT
1760965064.70123,NEUTRAL,-10.0,69.5,5,1,1,3,,,,,,NOTHING,0.0,60.0,192.34,NEUTRAL,,,,,,SELL,-100.0,80.0,0.55208,VOLATILE_BREAKOUT,,,,,,,,,,,BUY,100.0,75.0,0.00113,VOLATILE_BREAKOUT,NOTHING,0.0,65.0,1.1557,SIDEWAYS,NOTHING,0.0,65.0,0.1171,VOLATILE_BREAKOUT
1760968696.239696,NEUTRAL,-15.0,73.25,5,1,2,2,,,,,,NOTHING,0.0,60.0,192.16,NEUTRAL,,,,,,SELL,-100.0,80.0,0.55259,VOLATILE_BREAKOUT,,,,,,,,,,,BUY,100.0,90.0,0.00114,VOLATILE_BREAKOUT,NOTHING,0.0,65.0,1.1611,SIDEWAYS,SELL,-100.0,80.0,0.11841,VOLATILE_BREAKOUT
1760969331.348371,BEARISH,-55.0,69.25,5,0,3,2,,,,,,NOTHING,0.0,55.0,191.88,NEUTRAL,,,,,,SELL,-100.0,80.0,0.55307,VOLATILE_BREAKOUT,,,,,,,,,,,SELL,-100.0,80.0,0.001133,VOLATILE_BREAKOUT,NOTHING,0.0,65.0,1.1567,SIDEWAYS,SELL,-100.0,80.0,0.11771,VOLATILE_BREAKOUT
1760972964.388874,BEARISH,-55.0,69.25,5,0,3,2,,,,,,NOTHING,0.0,55.0,191.98,NEUTRAL,,,,,,SELL,-100.0,80.0,0.55855,VOLATILE_BREAKOUT,,,,,,,,,,,SELL,-100.0,80.0,0.001136,VOLATILE_BREAKOUT,NOTHING,0.0,65.0,1.1562,SIDEWAYS,SELL,-100.0,80.0,0.1182,VOLATILE_BREAKOUT
1760976595.680011,NEUTRAL,21.05263157894737,58.94736842105264,4,1,0,3,,,,,,NOTHING,0.0,55.0,189.26,NEUTRAL,,,,,,NOTHING,0.0,60.0,0.54784,VOLATILE_BREAKOUT,,,,,,,,,,,BUY,100.0,65.0,0.00111,VOLATILE_BREAKOUT,,,,,,NOTHING,0.0,60.0,0.11614,WEAK_TREND
1760980227.450914,NEUTRAL,0.0,60.83333333333332,4,0,0,4,,,,,,,,,,,,,,,,NOTHING,0.0,65.0,0.54373,VOLATILE_BREAKOUT,,,,,,,,,,,NOTHING,0.0,55.0,0.001101,VOLATILE_BREAKOUT,NOTHING,0.0,65.0,1.1477,SIDEWAYS,NOTHING,0.0,55.0,0.11542,WEAK_TREND
1760983859.620765,NEUTRAL,20.0,60.5,5,1,0,4,,,,,,NOTHING,0.0,55.0,188.16,NEUTRAL,,,,,,NOTHING,0.0,65.0,0.54495,VOLATILE_BREAKOUT,,,,,,,,,,,BUY,100.0,65.0,0.001103,VOLATILE_BREAKOUT,NOTHING,0.0,65.0,1.1557,SIDEWAYS,NOTHING,0.0,55.0,0.11552,WEAK_TREND
1760987490.140771,NEUTRAL,0.0,57.0,5,0,0,5,,,,,,NOTHING,0.0,55.0,187.74,NEUTRAL,,,,,,NOTHING,0.0,60.0,0.54234,VOLATILE_BREAKOUT,,,,,,,,,,,NOTHING,0.0,55.0,0.001102,VOLATILE_BREAKOUT,NOTHING,0.0,65.0,1.1412,NEUTRAL,NOTHING,0.0,55.0,0.11492,WEAK_TREND
1760991121.29383,WEAK_BEARISH,-35.0,63.75,5,0,2,3,,,,,,NOTHING,0.0,55.0,188.94,WEAK_TREND,,,,,,SELL,-100.0,80.0,0.54487,VOLATILE_BREAKOUT,,,,,,,,,,,NOTHING,0.0,55.0,0.001115,VOLATILE_BREAKOUT,SELL,-100.0,80.0,1.1455,NEUTRAL,NOTHING,0.0,55.0,0.11574,VOLATILE_BREAKOUT
1760994753.200223,BEARISH,-55.0,68.9,5,0,3,2,,,,,,NOTHING,0.0,55.0,190.61,WEAK_TREND,,,,,,SELL,-100.0,80.0,0.54899,VOLATILE_BREAKOUT,,,,,,,,,,,SELL,-100.0,80.0,0.001131,VOLATILE_BREAKOUT,SELL,-100.0,80.0,1.1525,NEUTRAL,NOTHING,0.0,58.0,0.11636,VOLATILE_BREAKOUT
1760998384.567681,BEARISH,-55.0,68.75,5,0,3,2,,,,,,NOTHING,0.0,55.0,189.96,WEAK_TREND,,,,,,SELL,-100.0,80.0,0.54444,VOLATILE_BREAKOUT,,,,,,,,,,,SELL,-100.0,80.0,0.001119,VOLATILE_BREAKOUT,SELL,-100.0,80.0,1.1395,NEUTRAL,NOTHING,0.0,55.0,0.11596,VOLATILE_BREAKOUT
1761002014.818534,WEAK_BEARISH,-35.0,66.75,5,0,2,3,,,,,,NOTHING,0.0,55.0,189.82,WEAK_TREND,,,,,,SELL,-100.0,90.0,0.54245,VOLATILE_BREAKOUT,,,,,,,,,,,NOTHING,0.0,55.0,0.00111,VOLATILE_BREAKOUT,SELL,-100.0,80.0,1.139,NEUTRAL,NOTHING,0.0,55.0,0.11595,VOLATILE_BREAKOUT
1761005659.478211,NEUTRAL,-5.0,57.75,5,0,1,4,,,,,,NOTHING,0.0,55.0,188.83,WEAK_TREND,,,,,,NOTHING,0.0,60.0,0.54165,VOLATILE_BREAKOUT,,,,,,,,,,,NOTHING,0.0,55.0,0.001107,VOLATILE_BREAKOUT,SELL,-100.0,80.0,1.1319,NEUTRAL,NOTHING,0.0,55.0,0.11632,VOLATILE_BREAKOUT
1761009306.462634,NEUTRAL,0.0,55.25,5,0,0,5,,,,,,NOTHING,0.0,55.0,187.88,WEAK_TREND,,,,,,NOTHING,0.0,55.0,0.53957,VOLATILE_BREAKOUT,,,,,,,,,,,NOTHING,0.0,55.0,0.001103,WEAK_TREND,NOTHING,0.0,60.0,1.117,SIDEWAYS,NOTHING,0.0,55.0,0.11574,VOLATILE_BREAKOUT
1761012948.621291,NEUTRAL,0.0,57.5,4,0,0,4,,,,,,NOTHING,0.0,60.0,186.11,SIDEWAYS,,,,,,NOTHING,0.0,55.0,0.53574,WEAK_TREND,,,,,,,,,,,,,,,,NOTHING,0.0,55.0,1.1056,SIDEWAYS,NOTHING,0.0,55.0,0.11445,WEAK_TREND
1761016582.360149,NEUTRAL,0.0,55.0,4,0,0,4,,,,,,NOTHING,0.0,55.0,186.27,SIDEWAYS,,,,,,NOTHING,0.0,55.0,0.53049,WEAK_TREND,,,,,,,,,,,NOTHING,0.0,55.0,0.001089,VOLATILE_BREAKOUT,,,,,,NOTHING,0.0,55.0,0.11391,WEAK_TREND
1761020215.894791,NEUTRAL,0.0,55.26315789473684,4,0,0,4,,,,,,NOTHING,0.0,55.0,183.95,SIDEWAYS,,,,,,NOTHING,0.0,55.0,0.52315,SIDEWAYS,,,,,,,,,,,NOTHING,0.0,55.0,0.001075,VOLATILE_BREAKOUT,NOTHING,0.0,60.0,1.0836,SIDEWAYS,,,,,
1761023888.239846,NEUTRAL,0.0,55.0,5,0,0,5,,,,,,NOTHING,0.0,55.0,183.97,SIDEWAYS,,,,,,NOTHING,0.0,55.0,0.51901,SIDEWAYS,,,,,,,,,,,NOTHING,0.0,55.0,0.001061,VOLATILE_BREAKOUT,NOTHING,0.0,55.0,1.0762,SIDEWAYS,NOTHING,0.0,55.0,0.11105,SIDEWAYS
1761024863.078727,NEUTRAL,0.0,55.0,4,0,0,4,,,,,,NOTHING,0.0,55.0,183.75,SIDEWAYS,,,,,,NOTHING,0.0,55.0,0.51944,SIDEWAYS,,,,,,,,,,,NOTHING,0.0,55.0,0.001062,VOLATILE_BREAKOUT,NOTHING,0.0,55.0,1.0743,SIDEWAYS,,,,,
1761026054.750349,NEUTRAL,0.0,55.0,5,0,0,5,,,,,,NOTHING,0.0,55.0,183.66,SIDEWAYS,,,,,,NOTHING,0.0,55.0,0.51825,SIDEWAYS,,,,,,,,,,,NOTHING,0.0,55.0,0.001061,VOLATILE_BREAKOUT,NOTHING,0.0,55.0,1.0681,NEUTRAL,NOTHING,0.0,55.0,0.1111,SIDEWAYS
1761026327.440321,NEUTRAL,0.0,55.0,5,0,0,5,,,,,,NOTHING,0.0,55.0,183.8,SIDEWAYS,,,,,,NOTHING,0.0,55.0,0.51827,SIDEWAYS,,,,,,,,,,,NOTHING,0.0,55.0,0.00106,VOLATILE_BREAKOUT,NOTHING,0.0,55.0,1.068,NEUTRAL,NOTHING,0.0,55.0,0.11101,SIDEWAYS
1761029967.75965,NEUTRAL,0.0,55.0,5,0,0,5,,,,,,NOTHING,0.0,55.0,184.32,SIDEWAYS,,,,,,NOTHING,0.0,55.0,0.52001,SIDEWAYS,,,,,,,,,,,NOTHING,0.0,55.0,0.001064,VOLATILE_BREAKOUT,NOTHING,0.0,55.0,1.0743,SIDEWAYS,NOTHING,0.0,55.0,0.11202,SIDEWAYS
1761033599.194247,NEUTRAL,0.0,55.0,5,0,0,5,,,,,,NOTHING,0.0,55.0,184.95,SIDEWAYS,,,,,,NOTHING,0.0,55.0,0.52192,SIDEWAYS,,,,,,,,,,,NOTHING,0.0,55.0,0.001071,VOLATILE_BREAKOUT,NOTHING,0.0,55.0,1.0751,SIDEWAYS,NOTHING,0.0,55.0,0.1128,SIDEWAYS
1761036090.466986,NEUTRAL,0.0,55.25,5,0,0,5,,,,,,NOTHING,0.0,55.0,184.0,SIDEWAYS,,,,,,NOTHING,0.0,55.0,0.51764,SIDEWAYS,,,,,,,,,,,NOTHING,0.0,55.0,0.001056,VOLATILE_BREAKOUT,NOTHING,0.0,60.0,1.0624,NEUTRAL,NOTHING,0.0,55.0,0.11164,SIDEWAYS
1761039722.787259,NEUTRAL,0.0,55.0,5,0,0,5,,,,,,NOTHING,0.0,55.0,183.92,SIDEWAYS,,,,,,NOTHING,0.0,55.0,0.51766,SIDEWAYS,,,,,,,,,,,NOTHING,0.0,55.0,0.001058,VOLATILE_BREAKOUT,NOTHING,0.0,55.0,1.0635,NEUTRAL,NOTHING,0.0,55.0,0.11222,SIDEWAYS
1761043354.7304,NEUTRAL,0.0,55.0,5,0,0,5,,,,,,NOTHING,0.0,55.0,185.46,SIDEWAYS,,,,,,NOTHING,0.0,55.0,0.52062,SIDEWAYS,,,,,,,,,,,NOTHING,0.0,55.0,0.001067,VOLATILE_BREAKOUT,NOTHING,0.0,55.0,1.0761,NEUTRAL,NOTHING,0.0,55.0,0.11285,SIDEWAYS
1761046986.50628,NEUTRAL,0.0,55.0,5,0,0,5,,,,,,NOTHING,0.0,55.0,186.1,SIDEWAYS,,,,,,NOTHING,0.0,55.0,0.52214,SIDEWAYS,,,,,,,,,,,NOTHING,0.0,55.0,0.001068,VOLATILE_BREAKOUT,NOTHING,0.0,55.0,1.0848,SIDEWAYS,NOTHING,0.0,55.0,0.1132,SIDEWAYS
1761050617.970972,NEUTRAL,0.0,55.0,5,0,0,5,,,,,,NOTHING,0.0,55.0,187.55,SIDEWAYS,,,,,,NOTHING,0.0,55.0,0.53045,SIDEWAYS,,,,,,,,,,,NOTHING,0.0,55.0,0.00107,VOLATILE_BREAKOUT,NOTHING,0.0,55.0,1.095,SIDEWAYS,NOTHING,0.0,55.0,0.1148,SIDEWAYS
1761053908.300408,NEUTRAL,0.0,65.0,5,0,0,5,,,,,,NOTHING,0.0,65.0,186.33,SIDEWAYS,,,,,,NOTHING,0.0,65.0,0.5281,SIDEWAYS,,,,,,,,,,,NOTHING,0.0,65.0,0.00106,VOLATILE_BREAKOUT,NOTHING,0.0,65.0,1.0912,SIDEWAYS,NOTHING,0.0,65.0,0.11417,SIDEWAYS
1761054096.462212,NEUTRAL,0.0,65.0,5,0,0,5,,,,,,NOTHING,0.0,65.0,186.44,SIDEWAYS,,,,,,NOTHING,0.0,65.0,0.52896,SIDEWAYS,,,,,,,,,,,NOTHING,0.0,65.0,0.00107,VOLATILE_BREAKOUT,NOTHING,0.0,65.0,1.0946,SIDEWAYS,NOTHING,0.0,65.0,0.11429,SIDEWAYS
1761057737.183891,BULLISH,53.377500000000005,67.25,5,2,0,3,,,,,,BUY,92.4,70.0,188.98,SIDEWAYS,,,,,,NOTHING,39.32500000000001,65.0,0.54652,WEAK_TREND,,,,,,,,,,,NOTHING,0.0,65.0,0.001094,VOLATILE_BREAKOUT,NOTHING,0.0,65.0,1.1015,SIDEWAYS,BUY,92.4,70.0,0.11616,SIDEWAYS
1761058332.129939,STRONG_BULLISH,93.39,74.25,5,4,0,1,,,,,,BUY,92.4,70.0,190.56,SIDEWAYS,,,,,,BUY,100.0,85.0,0.55477,VOLATILE_BREAKOUT,,,,,,,,,,,BUY,100.0,70.0,0.001111,VOLATILE_BREAKOUT,NOTHING,28.6,65.0,1.1123,SIDEWAYS,BUY,100.0,70.0,0.11702,WEAK_TREND
1761061975.359042,WEAK_BULLISH,36.96625,76.25,5,3,1,1,,,,,,BUY,100.0,75.0,195.93,WEAK_TREND,,,,,,SELL,-100.0,80.0,0.57074,VOLATILE_BREAKOUT,,,,,,,,,,,BUY,100.0,75.0,0.001142,VOLATILE_BREAKOUT,NOTHING,39.32500000000001,65.0,1.1471,WEAK_TREND,BUY,100.0,80.0,0.12055,VOLATILE_BREAKOUT
1761065607.90407,WEAK_BULLISH,37.5025,76.25,5,3,1,1,,,,,,BUY,100.0,75.0,195.83,WEAK_TREND,,,,,,SELL,-100.0,80.0,0.57855,VOLATILE_BREAKOUT,,,,,,,,,,,BUY,100.0,75.0,0.001141,VOLATILE_BREAKOUT,NOTHING,50.05,70.0,1.1537,VOLATILE_BREAKOUT,BUY,100.0,75.0,0.12063,VOLATILE_BREAKOUT
1761069249.651288,WEAK_BULLISH,37.5025,74.75,5,3,1,1,,,,,,BUY,100.0,75.0,194.65,WEAK_TREND,,,,,,SELL,-100.0,75.0,0.57072,VOLATILE_BREAKOUT,,,,,,,,,,,BUY,100.0,75.0,0.001125,VOLATILE_BREAKOUT,NOTHING,50.05,70.0,1.1487,VOLATILE_BREAKOUT,BUY,100.0,75.0,0.11885,VOLATILE_BREAKOUT
1761072883.736266,NEUTRAL,-2.67625,70.5,5,2,1,2,,,,,,NOTHING,0.0,65.0,193.81,WEAK_TREND,,,,,,SELL,-100.0,75.0,0.56881,VOLATILE_BREAKOUT,,,,,,,,,,,BUY,100.0,75.0,0.001121,VOLATILE_BREAKOUT,NOTHING,46.475,65.0,1.1424,VOLATILE_BREAKOUT,BUY,100.0,75.0,0.11793,VOLATILE_BREAKOUT
1761076531.130372,WEAK_BULLISH,37.32375,74.5,5,3,1,1,,,,,,BUY,100.0,75.0,194.3,WEAK_TREND,,,,,,SELL,-100.0,75.0,0.56777,VOLATILE_BREAKOUT,,,,,,,,,,,BUY,100.0,75.0,0.001117,VOLATILE_BREAKOUT,NOTHING,46.475,65.0,1.1351,VOLATILE_BREAKOUT,BUY,100.0,75.0,0.11758,VOLATILE_BREAKOUT
1761080169.596724,BULLISH,64.95,71.5,5,3,0,2,,,,,,BUY,100.0,75.0,191.76,WEAK_TREND,,,,,,NOTHING,0.0,65.0,0.55255,VOLATILE_BREAKOUT,,,,,,,,,,,BUY,100.0,75.0,0.001099,VOLATILE_BREAKOUT,NOTHING,0.0,65.0,1.1158,SIDEWAYS,BUY,99.0,75.0,0.11592,SIDEWAYS
1761083802.720442,STRONG_BULLISH,94.22,74.25,5,4,0,1,,,,,,BUY,99.0,75.0,191.19,SIDEWAYS,,,,,,BUY,100.0,75.0,0.55061,VOLATILE_BREAKOUT,,,,,,,,,,,BUY,100.0,75.0,0.001098,VOLATILE_BREAKOUT,NOTHING,0.0,65.0,1.1108,SIDEWAYS,BUY,92.4,70.0,0.11525,SIDEWAYS
1761087447.097982,WEAK_BULLISH,47.72,68.5,5,2,0,3,,,,,,NOTHING,0.0,65.0,188.52,SIDEWAYS,,,,,,BUY,92.4,70.0,0.53716,SIDEWAYS,,,,,,,,,,,BUY,100.0,75.0,0.001072,VOLATILE_BREAKOUT,NOTHING,0.0,65.0,1.0847,SIDEWAYS,NOTHING,0.0,65.0,0.11257,SIDEWAYS
1761091095.593568,WEAK_BULLISH,29.700000000000003,68.0,5,1,0,4,,,,,,NOTHING,0.0,65.0,185.32,NEUTRAL,,,,,,BUY,99.0,75.0,0.52642,SIDEWAYS,,,,,,,,,,,NOTHING,0.0,65.0,0.001057,VOLATILE_BREAKOUT,NOTHING,0.0,65.0,1.0686,SIDEWAYS,NOTHING,0.0,65.0,0.11076,SIDEWAYS
1761094734.445433,WEAK_BULLISH,28.270000000000003,68.0,5,1,0,4,,,,,,NOTHING,0.0,65.0,185.49,NEUTRAL,,,,,,BUY,99.0,75.0,0.52698,SIDEWAYS,,,,,,,,,,,NOTHING,0.0,65.0,0.001051,VOLATILE_BREAKOUT,NOTHING,0.0,65.0,1.0673,SIDEWAYS,NOTHING,-28.6,65.0,0.10964,SIDEWAYS
1761098377.838972,WEAK_BULLISH,44.95,67.5,5,2,0,3,,,,,,BUY,100.0,70.0,186.91,NEUTRAL,,,,,,NOTHING,0.0,65.0,0.52663,SIDEWAYS,,,,,,,,,,,NOTHING,0.0,65.0,0.00105,VOLATILE_BREAKOUT,NOTHING,0.0,65.0,1.0683,SIDEWAYS,BUY,99.0,75.0,0.10994,SIDEWAYS
1761102015.550222,BULLISH,74.65,70.5,5,3,0,2,,,,,,BUY,100.0,70.0,185.83,NEUTRAL,,,,,,BUY,99.0,75.0,0.52658,SIDEWAYS,,,,,,,,,,,NOTHING,0.0,65.0,0.001049,VOLATILE_BREAKOUT,NOTHING,0.0,65.0,1.0662,SIDEWAYS,BUY,99.0,75.0,0.11059,SIDEWAYS
1761105662.201742,NEUTRAL,4.62,65.25,5,1,0,4,,,,,,NOTHING,0.0,65.0,185.05,SIDEWAYS,,,,,,NOTHING,0.0,65.0,0.51949,SIDEWAYS,,,,,,,,,,,NOTHING,0.0,65.0,0.001046,VOLATILE_BREAKOUT,NOTHING,0.0,65.0,1.0644,SIDEWAYS,BUY,92.4,70.0,0.11057,SIDEWAYS
1761111659.163149,WEAK_BULLISH,32.34,66.75,5,2,0,3,,,,,,NOTHING,0.0,65.0,183.98,NEUTRAL,,,,,,BUY,92.4,70.0,0.51221,SIDEWAYS,,,,,,,,,,,NOTHING,0.0,65.0,0.001041,VOLATILE_BREAKOUT,NOTHING,0.0,65.0,1.0546,SIDEWAYS,BUY,92.4,70.0,0.10994,SIDEWAYS
1761115303.646883,NEUTRAL,24.62,66.25,5,2,0,3,,,,,,NOTHING,0.0,65.0,184.71,NEUTRAL,,,,,,NOTHING,0.0,65.0,0.5134,SIDEWAYS,,,,,,,,,,,BUY,100.0,70.0,0.001044,VOLATILE_BREAKOUT,NOTHING,0.0,65.0,1.0584,SIDEWAYS,BUY,92.4,70.0,0.11037,SIDEWAYS
1761118945.360411,WEAK_BULLISH,47.72,68.5,5,2,0,3,,,,,,NOTHING,0.0,65.0,184.77,NEUTRAL,,,,,,BUY,92.4,70.0,0.51204,SIDEWAYS,,,,,,,,,,,BUY,100.0,75.0,0.001044,VOLATILE_BREAKOUT,NOTHING,0.0,65.0,1.0634,SIDEWAYS,NOTHING,0.0,65.0,0.11034,SIDEWAYS
1761122588.39729,WEAK_BULLISH,48.16,70.25,5,2,0,3,,,,,,NOTHING,0.0,65.0,184.81,SIDEWAYS,,,,,,BUY,99.0,75.0,0.51071,SIDEWAYS,,,,,,,,,,,BUY,100.0,75.0,0.001041,VOLATILE_BREAKOUT,NOTHING,0.0,65.0,1.0888,SIDEWAYS,NOTHING,-30.800000000000004,70.0,0.11024,SIDEWAYS
1761145728.043718,NEUTRAL,12.785,68.5,5,2,0,3,,,,,,NOTHING,-28.6,65.0,184.71,SIDEWAYS,,,,,,BUY,100.0,75.0,0.51087,WEAK_TREND,,,,,,,,,,,NOTHING,-46.475,65.0,0.001052,VOLATILE_BREAKOUT,BUY,99.0,75.0,1.0771,SIDEWAYS,NOTHING,-28.6,65.0,0.11287,SIDEWAYS
1761149362.49052,WEAK_BEARISH,-36.10750000000001,65.0,5,0,0,5,,,,,,NOTHING,-39.32500000000001,65.0,184.11,WEAK_TREND,,,,,,NOTHING,-39.32500000000001,65.0,0.50885,WEAK_TREND,,,,,,,,,,,NOTHING,-35.75,65.0,0.00105,NEUTRAL,NOTHING,-28.6,65.0,1.0783,SIDEWAYS,NOTHING,0.0,65.0,0.11271,SIDEWAYS
1761152994.900474,NEUTRAL,10.639999999999995,68.5,5,2,0,3,,,,,,NOTHING,-39.32500000000001,65.0,183.84,WEAK_TREND,,,,,,BUY,100.0,75.0,0.50349,WEAK_TREND,,,,,,,,,,,NOTHING,-35.75,65.0,0.001043,NEUTRAL,BUY,99.0,75.0,1.0759,SIDEWAYS,NOTHING,-28.6,65.0,0.11158,SIDEWAYS
1761156636.463931,STRONG_BULLISH,93.03375,76.0,5,4,0,1,,,,,,BUY,100.0,75.0,181.73,WEAK_TREND,,,,,,BUY,100.0,80.0,0.49978,VOLATILE_BREAKOUT,,,,,,,,,,,BUY,100.0,75.0,0.001035,NEUTRAL,BUY,100.0,75.0,1.0613,WEAK_TREND,NOTHING,-39.32500000000001,65.0,0.10987,WEAK_TREND
1761160281.373966,BULLISH,50.32875,73.0,5,3,0,2,,,,,,BUY,100.0,75.0,181.86,WEAK_TREND,,,,,,NOTHING,-42.35,70.0,0.50201,WEAK_TREND,,,,,,,,,,,BUY,100.0,75.0,0.001042,NEUTRAL,BUY,100.0,75.0,1.0624,WEAK_TREND,NOTHING,-39.32500000000001,65.0,0.1104,WEAK_TREND
1761163946.072351,STRONG_BULLISH,93.03375,74.5,5,4,0,1,,,,,,BUY,100.0,75.0,180.38,WEAK_TREND,,,,,,BUY,100.0,75.0,0.49635,VOLATILE_BREAKOUT,,,,,,,,,,,BUY,100.0,75.0,0.001035,VOLATILE_BREAKOUT,BUY,100.0,75.0,1.0557,WEAK_TREND,NOTHING,-39.32500000000001,65.0,0.10999,WEAK_TREND
1761167681.174926,STRONG_BULLISH,100.0,83.0,5,5,0,0,,,,,,BUY,100.0,75.0,178.86,WEAK_TREND,,,,,,BUY,100.0,90.0,0.47965,VOLATILE_BREAKOUT,,,,,,,,,,,BUY,100.0,90.0,0.000994,VOLATILE_BREAKOUT,BUY,100.0,85.0,1.023,VOLATILE_BREAKOUT,BUY,100.0,75.0,0.10648,VOLATILE_BREAKOUT
1761171314.731015,STRONG_BULLISH,100.0,78.75,5,5,0,0,,,,,,BUY,100.0,75.0,178.83,WEAK_TREND,,,,,,BUY,100.0,85.0,0.48081,VOLATILE_BREAKOUT,,,,,,,,,,,BUY,100.0,75.0,0.000996,VOLATILE_BREAKOUT,BUY,100.0,90.0,1.021,VOLATILE_BREAKOUT,BUY,100.0,75.0,0.10663,VOLATILE_BREAKOUT
1761174947.204155,STRONG_BULLISH,100.0,81.75,5,5,0,0,,,,,,BUY,100.0,75.0,179.55,WEAK_TREND,,,,,,BUY,100.0,85.0,0.4818,VOLATILE_BREAKOUT,,,,,,,,,,,BUY,100.0,90.0,0.000989,VOLATILE_BREAKOUT,BUY,100.0,90.0,1.0189,VOLATILE_BREAKOUT,BUY,100.0,75.0,0.1076,VOLATILE_BREAKOUT
1761178582.834942,STRONG_BULLISH,100.0,77.0,5,5,0,0,,,,,,BUY,100.0,75.0,180.06,WEAK_TREND,,,,,,BUY,100.0,80.0,0.49145,VOLATILE_BREAKOUT,,,,,,,,,,,BUY,100.0,75.0,0.00101,VOLATILE_BREAKOUT,BUY,100.0,85.0,1.0355,WEAK_TREND,BUY,100.0,75.0,0.10894,WEAK_TREND
1761182216.968586,STRONG_BULLISH,100.0,74.75,5,5,0,0,,,,,,BUY,100.0,75.0,181.86,WEAK_TREND,,,,,,BUY,100.0,75.0,0.49846,VOLATILE_BREAKOUT,,,,,,,,,,,BUY,100.0,75.0,0.001017,VOLATILE_BREAKOUT,BUY,100.0,75.0,1.0447,WEAK_TREND,BUY,100.0,70.0,0.1096,WEAK_TREND
1761185851.805165,STRONG_BULLISH,100.0,75.0,5,5,0,0,,,,,,BUY,100.0,75.0,181.83,WEAK_TREND,,,,,,BUY,100.0,75.0,0.49725,VOLATILE_BREAKOUT,,,,,,,,,,,BUY,100.0,75.0,0.001017,VOLATILE_BREAKOUT,BUY,100.0,75.0,1.046,WEAK_TREND,BUY,100.0,75.0,0.10947,WEAK_TREND
1761189484.041801,BULLISH,70.655,72.75,5,4,0,1,,,,,,BUY,100.0,75.0,182.54,WEAK_TREND,,,,,,BUY,100.0,75.0,0.49989,VOLATILE_BREAKOUT,,,,,,,,,,,NOTHING,-46.475,65.0,0.001017,VOLATILE_BREAKOUT,BUY,99.0,75.0,1.0541,SIDEWAYS,BUY,100.0,70.0,0.10868,WEAK_TREND
1761193196.730739,STRONG_BULLISH,99.95,75.0,5,5,0,0,,,,,,BUY,100.0,75.0,182.92,WEAK_TREND,,,,,,BUY,100.0,75.0,0.50363,VOLATILE_BREAKOUT,,,,,,,,,,,BUY,100.0,75.0,0.001018,VOLATILE_BREAKOUT,BUY,99.0,75.0,1.0594,SIDEWAYS,BUY,100.0,75.0,0.10885,VOLATILE_BREAKOUT
1761196838.025136,STRONG_BULLISH,99.95,75.0,5,5,0,0,,,,,,BUY,100.0,75.0,184.29,WEAK_TREND,,,,,,BUY,100.0,75.0,0.50701,VOLATILE_BREAKOUT,,,,,,,,,,,BUY,100.0,75.0,0.001021,VOLATILE_BREAKOUT,BUY,99.0,75.0,1.0632,SIDEWAYS,BUY,100.0,75.0,0.10921,VOLATILE_BREAKOUT
1761200471.296209,BULLISH,56.0075,72.0,5,4,0,1,,,,,,BUY,100.0,75.0,186.12,WEAK_TREND,,,,,,NOTHING,-46.475,65.0,0.50803,VOLATILE_BREAKOUT,,,,,,,,,,,BUY,100.0,75.0,0.001037,VOLATILE_BREAKOUT,BUY,99.0,75.0,1.0789,SIDEWAYS,BUY,100.0,75.0,0.11047,WEAK_TREND
1761204105.156096,NEUTRAL,9.6275,67.5,5,2,0,3,,,,,,NOTHING,0.0,65.0,186.76,WEAK_TREND,,,,,,NOTHING,-46.475,65.0,0.50905,VOLATILE_BREAKOUT,,,,,,,,,,,BUY,100.0,75.0,0.001035,VOLATILE_BREAKOUT,NOTHING,-28.6,65.0,1.0695,SIDEWAYS,BUY,100.0,75.0,0.11101,WEAK_TREND
1761207749.542563,BULLISH,65.0,71.25,5,3,0,2,,,,,,BUY,100.0,75.0,188.11,NEUTRAL,,,,,,NOTHING,0.0,65.0,0.50977,VOLATILE_BREAKOUT,,,,,,,,,,,BUY,100.0,75.0,0.001044,VOLATILE_BREAKOUT,NOTHING,0.0,65.0,1.0772,VOLATILE_BREAKOUT,BUY,100.0,70.0,0.11144,NEUTRAL
1761211391.468306,WEAK_BULLISH,45.0,69.5,5,2,0,3,,,,,,BUY,100.0,75.0,188.14,NEUTRAL,,,,,,NOTHING,0.0,65.0,0.51105,VOLATILE_BREAKOUT,,,,,,,,,,,NOTHING,0.0,65.0,0.001042,VOLATILE_BREAKOUT,NOTHING,0.0,65.0,1.0734,VOLATILE_BREAKOUT,BUY,100.0,75.0,0.11115,VOLATILE_BREAKOUT
1761277181.036651,BULLISH,69.60000000000001,72.0,5,2,0,3,,,,,,BUY,99.0,75.0,191.02,SIDEWAYS,,,,,,BUY,100.0,75.0,0.52422,WEAK_TREND,,,,,,,,,,,NOTHING,0.0,65.0,0.00106,NEUTRAL,NOTHING,0.0,65.0,1.0802,NEUTRAL,NOTHING,0.0,65.0,0.11298,SIDEWAYS
1761280812.482892,STRONG_BULLISH,97.75,79.75,5,5,0,0,,,,,,BUY,100.0,90.0,193.68,NEUTRAL,,,,,,BUY,99.0,75.0,0.53251,SIDEWAYS,,,,,,,,,,,BUY,92.4,70.0,0.001082,SIDEWAYS,BUY,92.4,70.0,1.0976,SIDEWAYS,BUY,99.0,75.0,0.1152,SIDEWAYS
1761284444.915584,STRONG_BULLISH,97.75,79.75,5,5,0,0,,,,,,BUY,100.0,90.0,193.18,NEUTRAL,,,,,,BUY,99.0,75.0,0.53171,SIDEWAYS,,,,,,,,,,,BUY,92.4,70.0,0.001082,SIDEWAYS,BUY,92.4,70.0,1.1043,SIDEWAYS,BUY,99.0,75.0,0.11533,SIDEWAYS
1761288078.335035,STRONG_BULLISH,97.75,79.75,5,5,0,0,,,,,,BUY,100.0,90.0,193.21,NEUTRAL,,,,,,BUY,99.0,75.0,0.53644,SIDEWAYS,,,,,,,,,,,BUY,92.4,70.0,0.001083,SIDEWAYS,BUY,92.4,70.0,1.1015,SIDEWAYS,BUY,99.0,75.0,0.11579,SIDEWAYS
1761291710.217678,STRONG_BULLISH,98.08,74.0,5,5,0,0,,,,,,BUY,100.0,75.0,192.72,NEUTRAL,,,,,,BUY,99.0,75.0,0.53296,SIDEWAYS,,,,,,,,,,,BUY,92.4,70.0,0.001081,SIDEWAYS,BUY,99.0,75.0,1.0954,SIDEWAYS,BUY,99.0,75.0,0.11508,SIDEWAYS
1761295342.567759,STRONG_BULLISH,97.75,79.75,5,5,0,0,,,,,,BUY,100.0,90.0,192.87,NEUTRAL,,,,,,BUY,99.0,75.0,0.5394,SIDEWAYS,,,,,,,,,,,BUY,92.4,70.0,0.001083,SIDEWAYS,BUY,92.4,70.0,1.0973,SIDEWAYS,BUY,99.0,75.0,0.1161,SIDEWAYS
1761298974.063885,STRONG_BULLISH,97.75,79.75,5,5,0,0,,,,,,BUY,100.0,90.0,192.4,NEUTRAL,,,,,,BUY,99.0,75.0,0.53443,SIDEWAYS,,,,,,,,,,,BUY,92.4,70.0,0.001079,SIDEWAYS,BUY,92.4,70.0,1.0935,SIDEWAYS,BUY,99.0,75.0,0.11501,SIDEWAYS
1761302607.199534,STRONG_BULLISH,99.07,74.75,5,5,0,0,,,,,,BUY,100.0,75.0,191.56,NEUTRAL,,,,,,BUY,99.0,75.0,0.53292,SIDEWAYS,,,,,,,,,,,BUY,99.0,75.0,0.001073,SIDEWAYS,BUY,92.4,70.0,1.0857,SIDEWAYS,BUY,99.0,75.0,0.11434,SIDEWAYS
1761306240.473028,STRONG_BULLISH,95.44,72.0,5,5,0,0,,,,,,BUY,100.0,75.0,191.44,NEUTRAL,,,,,,BUY,92.4,70.0,0.53196,SIDEWAYS,,,,,,,,,,,BUY,92.4,70.0,0.001065,SIDEWAYS,BUY,92.4,70.0,1.0891,SIDEWAYS,BUY,92.4,70.0,0.11382,SIDEWAYS
1761309873.465885,STRONG_BULLISH,98.38,80.0,5,5,0,0,,,,,,BUY,100.0,90.0,193.72,NEUTRAL,,,,,,BUY,100.0,75.0,0.54328,NEUTRAL,,,,,,,,,,,BUY,92.4,70.0,0.001081,SIDEWAYS,BUY,99.0,75.0,1.1132,SIDEWAYS,BUY,99.0,75.0,0.11566,SIDEWAYS
1761313507.328532,STRONG_BULLISH,92.8,73.25,5,4,0,1,,,,,,BUY,100.0,75.0,191.7,NEUTRAL,,,,,,BUY,99.0,75.0,0.53581,SIDEWAYS,,,,,,,,,,,BUY,92.4,70.0,0.001067,SIDEWAYS,BUY,92.4,70.0,1.0922,SIDEWAYS,NOTHING,0.0,65.0,0.11414,SIDEWAYS
1761317139.982667,STRONG_BULLISH,94.12,74.25,5,4,0,1,,,,,,BUY,100.0,75.0,190.77,NEUTRAL,,,,,,BUY,99.0,75.0,0.53243,SIDEWAYS,,,,,,,,,,,BUY,99.0,75.0,0.001053,SIDEWAYS,BUY,92.4,70.0,1.0855,SIDEWAYS,NOTHING,0.0,65.0,0.11334,SIDEWAYS
1761320772.127073,STRONG_BULLISH,93.72000000000004,74.25,5,4,0,1,,,,,,BUY,99.0,75.0,189.0,SIDEWAYS,,,,,,BUY,99.0,75.0,0.53044,SIDEWAYS,,,,,,,,,,,BUY,99.0,75.0,0.001056,SIDEWAYS,BUY,92.4,70.0,1.081,SIDEWAYS,NOTHING,0.0,65.0,0.11278,SIDEWAYS
1761324405.041495,STRONG_BULLISH,90.0,73.0,5,3,0,2,,,,,,BUY,100.0,75.0,189.82,NEUTRAL,,,,,,BUY,100.0,75.0,0.52706,VOLATILE_BREAKOUT,,,,,,,,,,,BUY,100.0,70.0,0.001051,VOLATILE_BREAKOUT,NOTHING,0.0,65.0,1.0782,NEUTRAL,NOTHING,0.0,65.0,0.1121,VOLATILE_BREAKOUT
1761328036.01356,STRONG_BULLISH,94.6,74.25,5,4,0,1,,,,,,BUY,99.0,75.0,191.34,SIDEWAYS,,,,,,BUY,100.0,75.0,0.53286,VOLATILE_BREAKOUT,,,,,,,,,,,BUY,100.0,75.0,0.001063,VOLATILE_BREAKOUT,BUY,100.0,70.0,1.0909,NEUTRAL,NOTHING,0.0,65.0,0.11333,NEUTRAL
1761331666.481753,STRONG_BULLISH,94.6,74.5,5,4,0,1,,,,,,BUY,99.0,75.0,191.34,SIDEWAYS,,,,,,BUY,100.0,75.0,0.53298,VOLATILE_BREAKOUT,,,,,,,,,,,BUY,100.0,75.0,0.001068,VOLATILE_BREAKOUT,BUY,100.0,75.0,1.094,NEUTRAL,NOTHING,0.0,65.0,0.11356,NEUTRAL
1761335298.249154,STRONG_BULLISH,99.95,73.75,5,5,0,0,,,,,,BUY,100.0,75.0,193.16,NEUTRAL,,,,,,BUY,100.0,75.0,0.53998,NEUTRAL,,,,,,,,,,,BUY,100.0,70.0,0.001079,NEUTRAL,BUY,99.0,75.0,1.1055,SIDEWAYS,BUY,100.0,70.0,0.11452,NEUTRAL
1761338928.685049,STRONG_BULLISH,98.38,80.0,5,5,0,0,,,,,,BUY,100.0,90.0,193.76,NEUTRAL,,,,,,BUY,100.0,75.0,0.54624,NEUTRAL,,,,,,,,,,,BUY,92.4,70.0,0.001083,SIDEWAYS,BUY,99.0,75.0,1.1193,SIDEWAYS,BUY,99.0,75.0,0.11499,SIDEWAYS
1761342559.575507,STRONG_BULLISH,98.38,80.0,5,5,0,0,,,,,,BUY,100.0,90.0,193.47,NEUTRAL,,,,,,BUY,100.0,75.0,0.54355,NEUTRAL,,,,,,,,,,,BUY,92.4,70.0,0.001083,SIDEWAYS,BUY,99.0,75.0,1.1266,SIDEWAYS,BUY,99.0,75.0,0.1152,SIDEWAYS
1761346190.92035,STRONG_BULLISH,98.38,80.0,5,5,0,0,,,,,,BUY,100.0,90.0,193.66,NEUTRAL,,,,,,BUY,100.0,75.0,0.54566,NEUTRAL,,,,,,,,,,,BUY,92.4,70.0,0.001085,SIDEWAYS,BUY,99.0,75.0,1.1321,SIDEWAYS,BUY,99.0,75.0,0.11519,SIDEWAYS
1761349832.216111,STRONG_BULLISH,98.38,80.0,5,5,0,0,,,,,,BUY,100.0,90.0,193.32,NEUTRAL,,,,,,BUY,100.0,75.0,0.54527,NEUTRAL,,,,,,,,,,,BUY,92.4,70.0,0.001081,SIDEWAYS,BUY,99.0,75.0,1.1316,SIDEWAYS,BUY,99.0,75.0,0.11558,SIDEWAYS
1761353476.908829,NEUTRAL,4.91,82.25,5,2,2,1,,,,,,SELL,-100.0,85.0,193.26,NEUTRAL,,,,,,BUY,100.0,90.0,0.54316,NEUTRAL,,,,,,,,,,,BUY,92.4,70.0,0.001076,SIDEWAYS,SELL,-100.0,80.0,1.1288,WEAK_TREND,NOTHING,28.6,65.0,0.11483,SIDEWAYS
1761357120.581581,BEARISH,-51.56999999999999,78.25,5,2,3,0,,,,,,SELL,-100.0,80.0,193.5,NEUTRAL,,,,,,SELL,-100.0,80.0,0.54232,NEUTRAL,,,,,,,,,,,BUY,92.4,70.0,0.001076,SIDEWAYS,SELL,-100.0,90.0,1.1339,VOLATILE_BREAKOUT,BUY,99.0,75.0,0.11478,SIDEWAYS
1761360765.00822,BEARISH,-50.05,81.0,5,2,3,0,,,,,,SELL,-100.0,85.0,193.9,NEUTRAL,,,,,,SELL,-100.0,80.0,0.54512,NEUTRAL,,,,,,,,,,,BUY,100.0,75.0,0.001083,NEUTRAL,SELL,-100.0,85.0,1.1492,VOLATILE_BREAKOUT,BUY,99.0,75.0,0.11518,SIDEWAYS
1761364409.291302,BEARISH,-51.56999999999999,77.75,5,2,3,0,,,,,,SELL,-100.0,80.0,193.45,NEUTRAL,,,,,,SELL,-100.0,80.0,0.53541,NEUTRAL,,,,,,,,,,,BUY,92.4,70.0,0.001074,SIDEWAYS,SELL,-100.0,80.0,1.1316,WEAK_TREND,BUY,99.0,75.0,0.11445,SIDEWAYS
1761368052.665759,STRONG_BEARISH,-90.05,81.75,5,1,4,0,,,,,,SELL,-100.0,85.0,194.34,NEUTRAL,,,,,,SELL,-100.0,80.0,0.53738,NEUTRAL,,,,,,,,,,,SELL,-100.0,80.0,0.001076,NEUTRAL,SELL,-100.0,80.0,1.1381,VOLATILE_BREAKOUT,BUY,99.0,75.0,0.1142,SIDEWAYS
1761379712.164702,NEUTRAL,-2.688749999999998,75.25,5,2,1,2,,,,,,SELL,-100.0,85.0,194.04,NEUTRAL,,,,,,NOTHING,35.75,65.0,0.53295,NEUTRAL,,,,,,,,,,,BUY,100.0,75.0,0.001073,NEUTRAL,NOTHING,39.32500000000001,65.0,1.1179,WEAK_TREND,BUY,92.4,70.0,0.11384,SIDEWAYS
1761379715.828772,WEAK_BEARISH,-40.05,79.0,5,3,2,0,,,,,,SELL,-100.0,85.0,194.04,NEUTRAL,,,,,,SELL,-100.0,75.0,0.53295,NEUTRAL,,,,,,,,,,,BUY,100.0,75.0,0.001073,NEUTRAL,BUY,100.0,75.0,1.1179,WEAK_TREND,BUY,99.0,75.0,0.11394,SIDEWAYS
1761380971.328175,NEUTRAL,0.6750000000000025,79.0,5,3,1,1,,,,,,SELL,-100.0,85.0,194.99,NEUTRAL,,,,,,NOTHING,35.75,65.0,0.53486,NEUTRAL,,,,,,,,,,,BUY,100.0,90.0,0.001079,NEUTRAL,BUY,100.0,75.0,1.1231,WEAK_TREND,BUY,99.0,75.0,0.11438,SIDEWAYS
1761384614.885511,WEAK_BEARISH,-39.655,74.75,5,2,2,1,,,,,,SELL,-100.0,80.0,193.62,NEUTRAL,,,,,,NOTHING,35.75,65.0,0.53301,NEUTRAL,,,,,,,,,,,SELL,-100.0,80.0,0.001075,NEUTRAL,BUY,100.0,75.0,1.1175,WEAK_TREND,BUY,92.4,70.0,0.11409,SIDEWAYS
1761388246.51413,NEUTRAL,0.3450000000000015,77.75,5,3,1,1,,,,,,SELL,-100.0,90.0,191.58,NEUTRAL,,,,,,NOTHING,35.75,65.0,0.53174,NEUTRAL,,,,,,,,,,,BUY,100.0,75.0,0.001066,NEUTRAL,BUY,100.0,75.0,1.114,WEAK_TREND,BUY,92.4,70.0,0.11338,SIDEWAYS
1761391878.7957,NEUTRAL,0.3450000000000015,75.75,5,3,1,1,,,,,,SELL,-100.0,85.0,192.5,NEUTRAL,,,,,,NOTHING,35.75,65.0,0.53347,NEUTRAL,,,,,,,,,,,BUY,100.0,75.0,0.001068,NEUTRAL,BUY,100.0,75.0,1.1174,WEAK_TREND,BUY,92.4,70.0,0.11364,SIDEWAYS
1761395510.48858,NEUTRAL,0.5250000000000057,74.0,5,3,1,1,,,,,,SELL,-100.0,80.0,193.39,NEUTRAL,,,,,,NOTHING,35.75,65.0,0.5381,NEUTRAL,,,,,,,,,,,BUY,99.0,75.0,0.001074,SIDEWAYS,BUY,100.0,75.0,1.1237,WEAK_TREND,BUY,100.0,75.0,0.11513,NEUTRAL
1761399142.672099,NEUTRAL,0.5250000000000057,78.0,5,3,1,1,,,,,,SELL,-100.0,90.0,193.01,NEUTRAL,,,,,,NOTHING,35.75,65.0,0.53763,NEUTRAL,,,,,,,,,,,BUY,99.0,75.0,0.001073,SIDEWAYS,BUY,100.0,75.0,1.1235,WEAK_TREND,BUY,100.0,75.0,0.11476,NEUTRAL
1761402775.161809,NEUTRAL,18.48,76.0,5,4,1,0,,,,,,SELL,-100.0,80.0,192.27,NEUTRAL,,,,,,BUY,100.0,75.0,0.54026,VOLATILE_BREAKOUT,,,,,,,,,,,BUY,92.4,70.0,0.001076,SIDEWAYS,BUY,100.0,75.0,1.1269,WEAK_TREND,BUY,100.0,75.0,0.11477,NEUTRAL
1761406406.648842,NEUTRAL,19.950000000000003,74.0,5,4,1,0,,,,,,SELL,-100.0,75.0,191.97,NEUTRAL,,,,,,BUY,100.0,75.0,0.54001,VOLATILE_BREAKOUT,,,,,,,,,,,BUY,100.0,70.0,0.001078,NEUTRAL,BUY,100.0,75.0,1.1326,WEAK_TREND,BUY,99.0,75.0,0.11447,SIDEWAYS
1761410038.582632,BULLISH,74.25,79.25,5,4,0,1,,,,,,NOTHING,35.75,65.0,191.6,NEUTRAL,,,,,,BUY,100.0,90.0,0.54334,VOLATILE_BREAKOUT,,,,,,,,,,,BUY,100.0,90.0,0.001088,NEUTRAL,BUY,100.0,90.0,1.139,NEUTRAL,BUY,99.0,75.0,0.11446,SIDEWAYS
1761413683.577496,BULLISH,64.25,75.75,5,3,1,1,,,,,,NOTHING,35.75,65.0,192.15,NEUTRAL,,,,,,BUY,100.0,90.0,0.54285,VOLATILE_BREAKOUT,,,,,,,,,,,BUY,100.0,75.0,0.00108,NEUTRAL,SELL,-100.0,80.0,1.1347,NEUTRAL,BUY,99.0,75.0,0.115,SIDEWAYS
1761417327.679613,BULLISH,64.3,75.75,5,3,1,1,,,,,,NOTHING,35.75,65.0,193.78,NEUTRAL,,,,,,BUY,100.0,80.0,0.5478,VOLATILE_BREAKOUT,,,,,,,,,,,BUY,100.0,90.0,0.001089,NEUTRAL,SELL,-100.0,80.0,1.1452,VOLATILE_BREAKOUT,BUY,100.0,75.0,0.11595,NEUTRAL
1761420969.315262,NEUTRAL,4.300000000000001,78.75,5,2,2,1,,,,,,NOTHING,35.75,65.0,194.48,NEUTRAL,,,,,,SELL,-100.0,90.0,0.54915,VOLATILE_BREAKOUT,,,,,,,,,,,BUY,100.0,90.0,0.001088,NEUTRAL,SELL,-100.0,80.0,1.1422,NEUTRAL,BUY,100.0,75.0,0.11593,NEUTRAL
1761424612.211332,WEAK_BULLISH,30.0,80.25,5,3,2,0,,,,,,BUY,100.0,75.0,194.03,VOLATILE_BREAKOUT,,,,,,SELL,-100.0,85.0,0.55051,VOLATILE_BREAKOUT,,,,,,,,,,,BUY,100.0,85.0,0.001098,VOLATILE_BREAKOUT,SELL,-100.0,80.0,1.1406,VOLATILE_BREAKOUT,BUY,100.0,75.0,0.11575,NEUTRAL
1761428253.669611,WEAK_BULLISH,30.0,76.75,5,3,2,0,,,,,,BUY,100.0,75.0,194.18,VOLATILE_BREAKOUT,,,,,,SELL,-100.0,80.0,0.54942,VOLATILE_BREAKOUT,,,,,,,,,,,BUY,100.0,75.0,0.001093,VOLATILE_BREAKOUT,SELL,-100.0,80.0,1.1355,VOLATILE_BREAKOUT,BUY,100.0,75.0,0.11544,NEUTRAL
1761431896.690796,WEAK_BULLISH,30.0,76.75,5,3,2,0,,,,,,BUY,100.0,75.0,194.25,VOLATILE_BREAKOUT,,,,,,SELL,-100.0,80.0,0.54917,VOLATILE_BREAKOUT,,,,,,,,,,,BUY,100.0,75.0,0.001088,NEUTRAL,SELL,-100.0,80.0,1.135,VOLATILE_BREAKOUT,BUY,100.0,75.0,0.11543,NEUTRAL
1761435531.310527,BULLISH,73.9425,72.25,5,3,1,1,,,,,,BUY,100.0,75.0,194.08,VOLATILE_BREAKOUT,,,,,,NOTHING,46.475,65.0,0.54759,VOLATILE_BREAKOUT,,,,,,,,,,,BUY,100.0,75.0,0.001092,VOLATILE_BREAKOUT,SELL,-100.0,80.0,1.1353,VOLATILE_BREAKOUT,BUY,100.0,75.0,0.11555,NEUTRAL
1761439165.83852,STRONG_BULLISH,100.0,75.0,5,5,0,0,,,,,,BUY,100.0,75.0,194.21,VOLATILE_BREAKOUT,,,,,,BUY,100.0,75.0,0.54594,VOLATILE_BREAKOUT,,,,,,,,,,,BUY,100.0,75.0,0.001086,VOLATILE_BREAKOUT,BUY,100.0,75.0,1.1365,VOLATILE_BREAKOUT,BUY,100.0,75.0,0.11523,NEUTRAL
1761442817.719573,STRONG_BULLISH,100.0,75.0,5,5,0,0,,,,,,BUY,100.0,75.0,193.39,VOLATILE_BREAKOUT,,,,,,BUY,100.0,75.0,0.54338,VOLATILE_BREAKOUT,,,,,,,,,,,BUY,100.0,75.0,0.001081,VOLATILE_BREAKOUT,BUY,100.0,75.0,1.1355,VOLATILE_BREAKOUT,BUY,100.0,75.0,0.11466,NEUTRAL
1761446465.61203,STRONG_BULLISH,100.0,75.0,5,5,0,0,,,,,,BUY,100.0,75.0,192.57,VOLATILE_BREAKOUT,,,,,,BUY,100.0,75.0,0.53809,VOLATILE_BREAKOUT,,,,,,,,,,,BUY,100.0,75.0,0.001075,VOLATILE_BREAKOUT,BUY,100.0,75.0,1.1309,VOLATILE_BREAKOUT,BUY,100.0,75.0,0.11374,NEUTRAL
1761450105.509541,STRONG_BULLISH,100.0,75.0,5,5,0,0,,,,,,BUY,100.0,75.0,192.93,VOLATILE_BREAKOUT,,,,,,BUY,100.0,75.0,0.53264,VOLATILE_BREAKOUT,,,,,,,,,,,BUY,100.0,75.0,0.00107,VOLATILE_BREAKOUT,BUY,100.0,75.0,1.1254,VOLATILE_BREAKOUT,BUY,100.0,75.0,0.11343,NEUTRAL
1761453750.078233,STRONG_BULLISH,100.0,75.0,5,5,0,0,,,,,,BUY,100.0,75.0,193.1,NEUTRAL,,,,,,BUY,100.0,75.0,0.53643,VOLATILE_BREAKOUT,,,,,,,,,,,BUY,100.0,75.0,0.001074,NEUTRAL,BUY,100.0,75.0,1.1328,VOLATILE_BREAKOUT,BUY,100.0,75.0,0.11411,NEUTRAL
1761457385.68452,STRONG_BULLISH,100.0,75.0,5,5,0,0,,,,,,BUY,100.0,75.0,193.5,NEUTRAL,,,,,,BUY,100.0,75.0,0.54048,VOLATILE_BREAKOUT,,,,,,,,,,,BUY,100.0,75.0,0.001078,NEUTRAL,BUY,100.0,75.0,1.1393,VOLATILE_BREAKOUT,BUY,100.0,75.0,0.11447,NEUTRAL
1761461021.55867,STRONG_BULLISH,100.0,75.0,5,5,0,0,,,,,,BUY,100.0,75.0,193.85,VOLATILE_BREAKOUT,,,,,,BUY,100.0,75.0,0.54044,VOLATILE_BREAKOUT,,,,,,,,,,,BUY,100.0,75.0,0.001078,NEUTRAL,BUY,100.0,75.0,1.1308,VOLATILE_BREAKOUT,BUY,100.0,75.0,0.11442,NEUTRAL
1761464659.537169,STRONG_BULLISH,100.0,75.0,5,5,0,0,,,,,,BUY,100.0,75.0,194.23,VOLATILE_BREAKOUT,,,,,,BUY,100.0,75.0,0.5435,VOLATILE_BREAKOUT,,,,,,,,,,,BUY,100.0,75.0,0.001083,VOLATILE_BREAKOUT,BUY,100.0,75.0,1.1347,VOLATILE_BREAKOUT,BUY,100.0,75.0,0.11509,NEUTRAL
1761468310.658609,STRONG_BULLISH,99.95,75.0,5,5,0,0,,,,,,BUY,100.0,75.0,194.02,NEUTRAL,,,,,,BUY,100.0,75.0,0.54629,VOLATILE_BREAKOUT,,,,,,,,,,,BUY,100.0,75.0,0.00109,NEUTRAL,BUY,100.0,75.0,1.1347,VOLATILE_BREAKOUT,BUY,99.0,75.0,0.1153,SIDEWAYS
1761471948.401216,STRONG_BULLISH,100.0,75.0,5,5,0,0,,,,,,BUY,100.0,75.0,195.85,NEUTRAL,,,,,,BUY,100.0,75.0,0.55141,VOLATILE_BREAKOUT,,,,,,,,,,,BUY,100.0,75.0,0.001102,VOLATILE_BREAKOUT,BUY,100.0,75.0,1.1394,VOLATILE_BREAKOUT,BUY,100.0,75.0,0.11639,NEUTRAL
1761475582.897227,STRONG_BULLISH,100.0,75.0,5,5,0,0,,,,,,BUY,100.0,75.0,194.88,NEUTRAL,,,,,,BUY,100.0,75.0,0.54786,VOLATILE_BREAKOUT,,,,,,,,,,,BUY,100.0,75.0,0.001105,VOLATILE_BREAKOUT,BUY,100.0,75.0,1.135,VOLATILE_BREAKOUT,BUY,100.0,75.0,0.11575,NEUTRAL
1761479229.228024,STRONG_BULLISH,100.0,75.75,5,5,0,0,,,,,,BUY,100.0,75.0,197.05,NEUTRAL,,,,,,BUY,100.0,75.0,0.56039,VOLATILE_BREAKOUT,,,,,,,,,,,BUY,100.0,75.0,0.00112,VOLATILE_BREAKOUT,BUY,100.0,90.0,1.153,VOLATILE_BREAKOUT,BUY,100.0,75.0,0.1182,VOLATILE_BREAKOUT
1761482863.04528,STRONG_BULLISH,97.32375,74.5,5,4,0,1,,,,,,BUY,100.0,75.0,197.31,NEUTRAL,,,,,,BUY,100.0,75.0,0.55814,VOLATILE_BREAKOUT,,,,,,,,,,,BUY,100.0,75.0,0.001118,VOLATILE_BREAKOUT,NOTHING,46.475,65.0,1.1459,VOLATILE_BREAKOUT,BUY,100.0,75.0,0.11836,VOLATILE_BREAKOUT
1761486495.078185,STRONG_BULLISH,100.0,75.75,5,5,0,0,,,,,,BUY,100.0,75.0,199.62,VOLATILE_BREAKOUT,,,,,,BUY,100.0,75.0,0.56226,VOLATILE_BREAKOUT,,,,,,,,,,,BUY,100.0,75.0,0.001125,VOLATILE_BREAKOUT,BUY,100.0,90.0,1.1557,VOLATILE_BREAKOUT,BUY,100.0,75.0,0.11874,VOLATILE_BREAKOUT
1761490127.758338,STRONG_BULLISH,100.0,76.5,5,5,0,0,,,,,,BUY,100.0,75.0,199.27,VOLATILE_BREAKOUT,,,,,,BUY,100.0,80.0,0.55847,VOLATILE_BREAKOUT,,,,,,,,,,,BUY,100.0,75.0,0.001116,VOLATILE_BREAKOUT,BUY,100.0,75.0,1.1507,VOLATILE_BREAKOUT,BUY,100.0,75.0,0.11827,VOLATILE_BREAKOUT
1761493760.155411,STRONG_BULLISH,100.0,77.25,5,5,0,0,,,,,,BUY,100.0,75.0,199.32,VOLATILE_BREAKOUT,,,,,,BUY,100.0,80.0,0.5587,VOLATILE_BREAKOUT,,,,,,,,,,,BUY,100.0,75.0,0.001118,VOLATILE_BREAKOUT,BUY,100.0,90.0,1.1578,VOLATILE_BREAKOUT,BUY,100.0,75.0,0.11906,VOLATILE_BREAKOUT
1761497393.197995,STRONG_BULLISH,97.32375,76.0,5,4,0,1,,,,,,BUY,100.0,75.0,199.07,NEUTRAL,,,,,,BUY,100.0,80.0,0.55631,VOLATILE_BREAKOUT,,,,,,,,,,,BUY,100.0,75.0,0.001115,VOLATILE_BREAKOUT,NOTHING,46.475,65.0,1.1541,VOLATILE_BREAKOUT,BUY,100.0,75.0,0.11903,VOLATILE_BREAKOUT
1761501039.176246,STRONG_BULLISH,100.0,75.0,5,5,0,0,,,,,,BUY,100.0,75.0,198.87,NEUTRAL,,,,,,BUY,100.0,75.0,0.55482,VOLATILE_BREAKOUT,,,,,,,,,,,BUY,100.0,75.0,0.001114,VOLATILE_BREAKOUT,BUY,100.0,75.0,1.145,VOLATILE_BREAKOUT,BUY,100.0,75.0,0.11812,VOLATILE_BREAKOUT
1761504682.025403,STRONG_BULLISH,100.0,75.0,5,5,0,0,,,,,,BUY,100.0,75.0,199.31,NEUTRAL,,,,,,BUY,100.0,75.0,0.5553,VOLATILE_BREAKOUT,,,,,,,,,,,BUY,100.0,75.0,0.001116,VOLATILE_BREAKOUT,BUY,100.0,75.0,1.1443,VOLATILE_BREAKOUT,BUY,100.0,75.0,0.11818,VOLATILE_BREAKOUT
1761525871.713638,STRONG_BULLISH,100.0,84.0,5,5,0,0,,,,,,BUY,100.0,90.0,203.25,VOLATILE_BREAKOUT,,,,,,BUY,100.0,75.0,0.57252,VOLATILE_BREAKOUT,,,,,,,,,,,BUY,100.0,90.0,0.001139,VOLATILE_BREAKOUT,BUY,100.0,75.0,1.1551,VOLATILE_BREAKOUT,BUY,100.0,75.0,0.12057,VOLATILE_BREAKOUT
1761528091.703285,NEUTRAL,20.0,82.0,5,4,1,0,,,,,,SELL,-100.0,85.0,204.32,VOLATILE_BREAKOUT,,,,,,BUY,100.0,75.0,0.57015,VOLATILE_BREAKOUT,,,,,,,,,,,BUY,100.0,90.0,0.001142,VOLATILE_BREAKOUT,BUY,100.0,75.0,1.1601,VOLATILE_BREAKOUT,BUY,100.0,75.0,0.12045,VOLATILE_BREAKOUT
1761528746.602334,NEUTRAL,20.0,82.0,5,4,1,0,,,,,,SELL,-100.0,85.0,204.29,VOLATILE_BREAKOUT,,,,,,BUY,100.0,75.0,0.56942,VOLATILE_BREAKOUT,,,,,,,,,,,BUY,100.0,90.0,0.001143,VOLATILE_BREAKOUT,BUY,100.0,75.0,1.164,VOLATILE_BREAKOUT,BUY,100.0,75.0,0.12047,VOLATILE_BREAKOUT
1761529412.327694,NEUTRAL,20.0,82.0,5,4,1,0,,,,,,SELL,-100.0,85.0,204.4,VOLATILE_BREAKOUT,,,,,,BUY,100.0,75.0,0.57257,VOLATILE_BREAKOUT,,,,,,,,,,,BUY,100.0,90.0,0.001147,VOLATILE_BREAKOUT,BUY,100.0,75.0,1.1678,VOLATILE_BREAKOUT,BUY,100.0,75.0,0.1208,VOLATILE_BREAKOUT
1761531179.013116,NEUTRAL,20.0,81.5,5,4,1,0,,,,,,SELL,-100.0,80.0,204.96,VOLATILE_BREAKOUT,,,,,,BUY,100.0,75.0,0.57353,VOLATILE_BREAKOUT,,,,,,,,,,,BUY,100.0,90.0,0.001151,VOLATILE_BREAKOUT,BUY,100.0,90.0,1.1764,VOLATILE_BREAKOUT,BUY,100.0,90.0,0.12156,VOLATILE_BREAKOUT
1761536299.206317,NEUTRAL,20.0,80.0,5,4,1,0,,,,,,SELL,-100.0,80.0,203.57,VOLATILE_BREAKOUT,,,,,,BUY,100.0,75.0,0.56546,VOLATILE_BREAKOUT,,,,,,,,,,,BUY,100.0,90.0,0.00114,VOLATILE_BREAKOUT,BUY,100.0,75.0,1.166,VOLATILE_BREAKOUT,BUY,100.0,75.0,0.12032,VOLATILE_BREAKOUT
1761539953.610376,NEUTRAL,20.0,80.0,5,4,1,0,,,,,,SELL,-100.0,80.0,203.69,VOLATILE_BREAKOUT,,,,,,BUY,100.0,75.0,0.57051,VOLATILE_BREAKOUT,,,,,,,,,,,BUY,100.0,90.0,0.001142,VOLATILE_BREAKOUT,BUY,100.0,75.0,1.1643,VOLATILE_BREAKOUT,BUY,100.0,75.0,0.11996,NEUTRAL
1761543604.722171,NEUTRAL,-20.0,78.0,5,3,2,0,,,,,,SELL,-100.0,80.0,204.74,VOLATILE_BREAKOUT,,,,,,BUY,100.0,75.0,0.57394,VOLATILE_BREAKOUT,,,,,,,,,,,SELL,-100.0,80.0,0.00116,VOLATILE_BREAKOUT,BUY,100.0,75.0,1.1714,VOLATILE_BREAKOUT,BUY,100.0,75.0,0.12094,VOLATILE_BREAKOUT
1761547246.912268,NEUTRAL,20.0,80.0,5,4,1,0,,,,,,SELL,-100.0,80.0,204.27,VOLATILE_BREAKOUT,,,,,,BUY,100.0,75.0,0.56922,VOLATILE_BREAKOUT,,,,,,,,,,,BUY,100.0,90.0,0.00115,VOLATILE_BREAKOUT,BUY,100.0,75.0,1.1552,VOLATILE_BREAKOUT,BUY,100.0,75.0,0.11998,NEUTRAL
1761550898.893734,NEUTRAL,20.0,77.0,5,4,1,0,,,,,,SELL,-100.0,80.0,202.26,NEUTRAL,,,,,,BUY,100.0,75.0,0.56331,VOLATILE_BREAKOUT,,,,,,,,,,,BUY,100.0,75.0,0.001132,VOLATILE_BREAKOUT,BUY,100.0,75.0,1.1364,NEUTRAL,BUY,100.0,75.0,0.11837,NEUTRAL
1761554538.343589,NEUTRAL,14.62,76.25,5,3,1,1,,,,,,SELL,-100.0,80.0,200.74,NEUTRAL,,,,,,BUY,100.0,75.0,0.56202,NEUTRAL,,,,,,,,,,,BUY,100.0,75.0,0.001128,NEUTRAL,NOTHING,0.0,65.0,1.1291,SIDEWAYS,BUY,92.4,70.0,0.11815,SIDEWAYS
1761558177.127905,BULLISH,68.72,68.75,5,3,0,2,,,,,,NOTHING,35.75,65.0,200.11,NEUTRAL,,,,,,BUY,100.0,70.0,0.55626,WEAK_TREND,,,,,,,,,,,BUY,99.0,75.0,0.001114,SIDEWAYS,NOTHING,0.0,65.0,1.1221,SIDEWAYS,BUY,92.4,70.0,0.11686,SIDEWAYS
1761561816.346359,STRONG_BULLISH,94.42000000000002,74.25,5,4,0,1,,,,,,BUY,100.0,75.0,200.31,NEUTRAL,,,,,,BUY,100.0,75.0,0.55494,WEAK_TREND,,,,,,,,,,,BUY,99.0,75.0,0.001109,SIDEWAYS,NOTHING,0.0,65.0,1.1214,SIDEWAYS,BUY,92.4,70.0,0.11702,SIDEWAYS
1761565456.010481,STRONG_BULLISH,94.75,74.5,5,4,0,1,,,,,,BUY,100.0,75.0,200.67,WEAK_TREND,,,,,,BUY,100.0,75.0,0.55812,WEAK_TREND,,,,,,,,,,,BUY,99.0,75.0,0.001113,SIDEWAYS,NOTHING,0.0,65.0,1.1291,SIDEWAYS,BUY,99.0,75.0,0.11782,SIDEWAYS
1761569095.17094,STRONG_BULLISH,94.45,74.5,5,4,0,1,,,,,,BUY,100.0,75.0,199.27,NEUTRAL,,,,,,BUY,99.0,75.0,0.55294,SIDEWAYS,,,,,,,,,,,BUY,99.0,75.0,0.001102,SIDEWAYS,NOTHING,0.0,65.0,1.1164,SIDEWAYS,BUY,99.0,75.0,0.1165,SIDEWAYS
1761572734.031691,STRONG_BULLISH,94.12,74.25,5,4,0,1,,,,,,BUY,100.0,75.0,199.07,WEAK_TREND,,,,,,BUY,99.0,75.0,0.55002,SIDEWAYS,,,,,,,,,,,BUY,99.0,75.0,0.001095,SIDEWAYS,NOTHING,0.0,65.0,1.1062,SIDEWAYS,BUY,92.4,70.0,0.11546,SIDEWAYS
1761576374.41323,STRONG_BULLISH,94.12,74.25,5,4,0,1,,,,,,BUY,100.0,75.0,199.66,WEAK_TREND,,,,,,BUY,99.0,75.0,0.55134,SIDEWAYS,,,,,,,,,,,BUY,99.0,75.0,0.001095,SIDEWAYS,NOTHING,0.0,65.0,1.1073,SIDEWAYS,BUY,92.4,70.0,0.11542,SIDEWAYS
1761580027.674332,STRONG_BULLISH,94.45,74.5,5,4,0,1,,,,,,BUY,100.0,75.0,200.03,WEAK_TREND,,,,,,BUY,99.0,75.0,0.55201,SIDEWAYS,,,,,,,,,,,BUY,99.0,75.0,0.001102,SIDEWAYS,NOTHING,0.0,65.0,1.1076,SIDEWAYS,BUY,99.0,75.0,0.11638,SIDEWAYS
1761583677.947536,STRONG_BULLISH,95.0,73.25,5,4,0,1,,,,,,BUY,100.0,75.0,201.9,VOLATILE_BREAKOUT,,,,,,BUY,100.0,75.0,0.55869,WEAK_TREND,,,,,,,,,,,BUY,100.0,70.0,0.001113,NEUTRAL,NOTHING,0.0,65.0,1.1263,NEUTRAL,BUY,100.0,70.0,0.11755,NEUTRAL
1761625865.920139,BULLISH,63.48,70.5,5,3,0,2,,,,,,BUY,100.0,75.0,201.06,WEAK_TREND,,,,,,NOTHING,0.0,65.0,0.54893,SIDEWAYS,,,,,,,,,,,BUY,92.4,70.0,0.001086,SIDEWAYS,BUY,100.0,75.0,1.0897,NEUTRAL,NOTHING,0.0,65.0,0.11529,VOLATILE_BREAKOUT
1761629517.654004,BULLISH,63.48,70.5,5,3,0,2,,,,,,BUY,100.0,75.0,200.1,WEAK_TREND,,,,,,NOTHING,0.0,65.0,0.54795,SIDEWAYS,,,,,,,,,,,BUY,92.4,70.0,0.001087,SIDEWAYS,BUY,100.0,75.0,1.0883,NEUTRAL,NOTHING,0.0,65.0,0.11525,VOLATILE_BREAKOUT
1761633168.702917,WEAK_BULLISH,45.0,69.5,5,2,0,3,,,,,,BUY,100.0,75.0,198.83,WEAK_TREND,,,,,,NOTHING,0.0,65.0,0.54314,SIDEWAYS,,,,,,,,,,,NOTHING,0.0,65.0,0.001077,SIDEWAYS,BUY,100.0,75.0,1.0839,NEUTRAL,NOTHING,0.0,65.0,0.11449,VOLATILE_BREAKOUT
1761634783.279366,WEAK_BULLISH,44.95,69.5,5,2,0,3,,,,,,BUY,100.0,75.0,200.78,WEAK_TREND,,,,,,NOTHING,0.0,65.0,0.5547,SIDEWAYS,,,,,,,,,,,NOTHING,0.0,65.0,0.001097,SIDEWAYS,BUY,99.0,75.0,1.1015,SIDEWAYS,NOTHING,0.0,65.0,0.11717,VOLATILE_BREAKOUT
1761638423.154659,WEAK_BULLISH,44.95,69.5,5,2,0,3,,,,,,BUY,100.0,75.0,202.35,WEAK_TREND,,,,,,NOTHING,0.0,65.0,0.54726,SIDEWAYS,,,,,,,,,,,NOTHING,0.0,65.0,0.001084,SIDEWAYS,BUY,99.0,75.0,1.0929,SIDEWAYS,NOTHING,0.0,65.0,0.11519,VOLATILE_BREAKOUT
1761642057.151428,WEAK_BEARISH,-35.05,75.5,5,1,1,3,,,,,,SELL,-100.0,90.0,203.37,WEAK_TREND,,,,,,NOTHING,0.0,65.0,0.55086,SIDEWAYS,,,,,,,,,,,NOTHING,0.0,65.0,0.001092,SIDEWAYS,BUY,99.0,75.0,1.1125,SIDEWAYS,NOTHING,0.0,65.0,0.11561,SIDEWAYS
1761645689.460094,WEAK_BEARISH,-35.05,71.5,5,1,1,3,,,,,,SELL,-100.0,80.0,201.5,WEAK_TREND,,,,,,NOTHING,0.0,65.0,0.549,SIDEWAYS,,,,,,,,,,,NOTHING,0.0,65.0,0.00109,SIDEWAYS,BUY,99.0,75.0,1.1109,SIDEWAYS,NOTHING,0.0,65.0,0.11523,SIDEWAYS
1761649326.870291,WEAK_BEARISH,-35.05,69.5,5,1,1,3,,,,,,SELL,-100.0,75.0,200.03,WEAK_TREND,,,,,,NOTHING,0.0,65.0,0.54999,SIDEWAYS,,,,,,,,,,,NOTHING,0.0,65.0,0.001091,SIDEWAYS,BUY,99.0,75.0,1.1053,SIDEWAYS,NOTHING,0.0,65.0,0.11556,SIDEWAYS
1761652964.748548,WEAK_BEARISH,-35.05,69.5,5,1,1,3,,,,,,SELL,-100.0,75.0,199.59,WEAK_TREND,,,,,,NOTHING,0.0,65.0,0.54891,SIDEWAYS,,,,,,,,,,,NOTHING,0.0,65.0,0.00109,SIDEWAYS,BUY,99.0,75.0,1.1024,SIDEWAYS,NOTHING,0.0,65.0,0.11518,SIDEWAYS
1761656602.253577,NEUTRAL,0.0,65.0,5,0,0,5,,,,,,NOTHING,0.0,65.0,200.37,WEAK_TREND,,,,,,NOTHING,0.0,65.0,0.55375,SIDEWAYS,,,,,,,,,,,NOTHING,0.0,65.0,0.001099,SIDEWAYS,NOTHING,0.0,65.0,1.1145,SIDEWAYS,NOTHING,0.0,65.0,0.1166,SIDEWAYS
1761691214.598417,STRONG_BULLISH,100.0,79.0,5,5,0,0,,,,,,BUY,100.0,75.0,194.48,VOLATILE_BREAKOUT,,,,,,BUY,100.0,75.0,0.53355,NEUTRAL,,,,,,,,,,,BUY,100.0,90.0,0.001042,NEUTRAL,BUY,100.0,90.0,1.0538,VOLATILE_BREAKOUT,BUY,100.0,80.0,0.11149,NEUTRAL
1762394013.390052,BULLISH,70.0,72.0,5,2,0,3,,,,,,BUY,100.0,75.0,160.98,STRONG_TREND,,,,,,BUY,100.0,75.0,0.43153,VOLATILE_BREAKOUT,,,,,,,,,,,NOTHING,0.0,65.0,0.000819,VOLATILE_BREAKOUT,NOTHING,0.0,65.0,0.78402,VOLATILE_BREAKOUT,NOTHING,0.0,65.0,0.093024,VOLATILE_BREAKOUT
1762399839.249397,STRONG_BULLISH,95.0,74.5,5,4,0,1,,,,,,BUY,100.0,75.0,161.93,STRONG_TREND,,,,,,BUY,100.0,75.0,0.43252,VOLATILE_BREAKOUT,,,,,,,,,,,BUY,100.0,75.0,0.000825,VOLATILE_BREAKOUT,NOTHING,0.0,65.0,0.78587,VOLATILE_BREAKOUT,BUY,100.0,75.0,0.093493,VOLATILE_BREAKOUT
1762403491.553702,BULLISH,70.0,72.0,5,2,0,3,,,,,,BUY,100.0,75.0,161.72,VOLATILE_BREAKOUT,,,,,,BUY,100.0,75.0,0.43094,VOLATILE_BREAKOUT,,,,,,,,,,,NOTHING,0.0,65.0,0.000825,VOLATILE_BREAKOUT,NOTHING,0.0,65.0,0.78366,VOLATILE_BREAKOUT,NOTHING,0.0,65.0,0.093443,VOLATILE_BREAKOUT
1762406815.607093,BULLISH,70.0,72.25,5,2,0,3,,,,,,BUY,100.0,75.0,160.18,VOLATILE_BREAKOUT,,,,,,BUY,100.0,75.0,0.42591,VOLATILE_BREAKOUT,,,,,,,,,,,NOTHING,0.0,65.0,0.000816,VOLATILE_BREAKOUT,NOTHING,0.0,70.0,0.77664,VOLATILE_BREAKOUT,NOTHING,0.0,65.0,0.092795,VOLATILE_BREAKOUT
1762410462.954074,WEAK_BULLISH,30.0,68.25,5,1,0,4,,,,,,NOTHING,0.0,65.0,159.6,VOLATILE_BREAKOUT,,,,,,BUY,100.0,75.0,0.42794,VOLATILE_BREAKOUT,,,,,,,,,,,NOTHING,0.0,65.0,0.000814,VOLATILE_BREAKOUT,NOTHING,0.0,70.0,0.76943,VOLATILE_BREAKOUT,NOTHING,0.0,65.0,0.092495,VOLATILE_BREAKOUT
1762445970.244719,BULLISH,65.0,72.5,5,3,0,2,,,,,,BUY,100.0,75.0,155.84,VOLATILE_BREAKOUT,,,,,,NOTHING,0.0,65.0,0.41696,VOLATILE_BREAKOUT,,,,,,,,,,,BUY,100.0,80.0,0.000784,NEUTRAL,BUY,100.0,75.0,0.73737,VOLATILE_BREAKOUT,NOTHING,0.0,65.0,0.089123,NEUTRAL
1762449591.917913,BULLISH,70.0,72.0,5,4,0,1,,,,,,BUY,100.0,75.0,155.37,VOLATILE_BREAKOUT,,,,,,NOTHING,0.0,65.0,0.41978,VOLATILE_BREAKOUT,,,,,,,,,,,BUY,100.0,75.0,0.000793,NEUTRAL,BUY,100.0,75.0,0.73795,VOLATILE_BREAKOUT,BUY,100.0,75.0,0.088326,NEUTRAL
1762451689.677384,BULLISH,70.0,72.0,5,4,0,1,,,,,,BUY,100.0,75.0,157.11,NEUTRAL,,,,,,NOTHING,0.0,65.0,0.42544,NEUTRAL,,,,,,,,,,,BUY,100.0,75.0,0.0008,NEUTRAL,BUY,100.0,75.0,0.74842,VOLATILE_BREAKOUT,BUY,100.0,75.0,0.089233,NEUTRAL
1762455332.922294,STRONG_BULLISH,100.0,75.0,5,5,0,0,,,,,,BUY,100.0,75.0,157.8,NEUTRAL,,,,,,BUY,100.0,75.0,0.4289,NEUTRAL,,,,,,,,,,,BUY,100.0,75.0,0.000811,NEUTRAL,BUY,100.0,75.0,0.75771,NEUTRAL,BUY,100.0,75.0,0.090201,NEUTRAL
1762458987.48031,STRONG_BULLISH,100.0,73.5,5,5,0,0,,,,,,BUY,100.0,75.0,156.36,VOLATILE_BREAKOUT,,,,,,BUY,100.0,70.0,0.42683,NEUTRAL,,,,,,,,,,,BUY,100.0,75.0,0.00081,NEUTRAL,BUY,100.0,75.0,0.75358,NEUTRAL,BUY,100.0,75.0,0.089898,NEUTRAL
1762462641.26487,WEAK_BULLISH,25.0,67.5,5,2,0,3,,,,,,NOTHING,0.0,65.0,155.48,VOLATILE_BREAKOUT,,,,,,NOTHING,0.0,65.0,0.42324,NEUTRAL,,,,,,,,,,,BUY,100.0,75.0,0.000811,NEUTRAL,BUY,100.0,75.0,0.74995,VOLATILE_BREAKOUT,NOTHING,0.0,65.0,0.090114,NEUTRAL
1762466296.672409,STRONG_BULLISH,95.0,74.5,5,4,0,1,,,,,,BUY,100.0,75.0,156.41,VOLATILE_BREAKOUT,,,,,,BUY,100.0,75.0,0.42699,NEUTRAL,,,,,,,,,,,BUY,100.0,75.0,0.000816,NEUTRAL,BUY,100.0,75.0,0.75695,VOLATILE_BREAKOUT,NOTHING,0.0,65.0,0.090815,NEUTRAL
1762468503.072705,STRONG_BULLISH,75.725,71.5,5,3,0,2,,,,,,BUY,100.0,75.0,154.9,VOLATILE_BREAKOUT,,,,,,NOTHING,35.75,65.0,0.42678,NEUTRAL,,,,,,,,,,,BUY,100.0,75.0,0.000813,NEUTRAL,BUY,100.0,75.0,0.75148,VOLATILE_BREAKOUT,NOTHING,0.0,65.0,0.090714,NEUTRAL
1762472138.697304,BULLISH,60.0,71.0,5,2,0,3,,,,,,BUY,100.0,75.0,154.25,VOLATILE_BREAKOUT,,,,,,NOTHING,0.0,65.0,0.42402,NEUTRAL,,,,,,,,,,,BUY,100.0,75.0,0.000808,NEUTRAL,NOTHING,0.0,65.0,0.74003,VOLATILE_BREAKOUT,NOTHING,0.0,65.0,0.09002,NEUTRAL
1762475794.695104,WEAK_BULLISH,31.7875,73.5,5,2,1,2,,,,,,BUY,100.0,70.0,156.43,NEUTRAL,,,,,,SELL,-100.0,80.0,0.42967,NEUTRAL,,,,,,,,,,,BUY,100.0,75.0,0.000825,WEAK_TREND,NOTHING,0.0,65.0,0.7558,VOLATILE_BREAKOUT,NOTHING,35.75,65.0,0.09229,NEUTRAL
1762479451.728134,WEAK_BULLISH,35.0,74.0,5,3,1,1,,,,,,BUY,100.0,70.0,154.27,VOLATILE_BREAKOUT,,,,,,SELL,-100.0,80.0,0.42811,NEUTRAL,,,,,,,,,,,BUY,100.0,75.0,0.000828,WEAK_TREND,NOTHING,0.0,65.0,0.74815,VOLATILE_BREAKOUT,BUY,100.0,75.0,0.09223,NEUTRAL
1762483102.34051,WEAK_BULLISH,40.0,74.25,5,4,1,0,,,,,,BUY,100.0,70.0,156.9,NEUTRAL,,,,,,SELL,-100.0,80.0,0.43471,NEUTRAL,,,,,,,,,,,BUY,100.0,75.0,0.000842,NEUTRAL,BUY,100.0,75.0,0.75918,VOLATILE_BREAKOUT,BUY,100.0,70.0,0.093331,NEUTRAL
1762486749.002052,WEAK_BULLISH,40.0,74.5,5,4,1,0,,,,,,BUY,100.0,70.0,157.27,NEUTRAL,,,,,,SELL,-100.0,80.0,0.43871,NEUTRAL,,,,,,,,,,,BUY,100.0,75.0,0.000843,NEUTRAL,BUY,100.0,75.0,0.76192,VOLATILE_BREAKOUT,BUY,100.0,75.0,0.093529,NEUTRAL
1762490407.317459,WEAK_BULLISH,30.725,67.0,5,1,0,4,,,,,,NOTHING,0.0,65.0,155.42,VOLATILE_BREAKOUT,,,,,,NOTHING,35.75,65.0,0.4325,NEUTRAL,,,,,,,,,,,BUY,100.0,75.0,0.000837,WEAK_TREND,NOTHING,0.0,65.0,0.75695,VOLATILE_BREAKOUT,NOTHING,0.0,65.0,0.092896,NEUTRAL
1762494051.478742,WEAK_BULLISH,39.8,77.5,5,4,1,0,,,,,,BUY,100.0,70.0,157.61,NEUTRAL,,,,,,SELL,-100.0,90.0,0.4398,NEUTRAL,,,,,,,,,,,BUY,99.0,75.0,0.00085,SIDEWAYS,BUY,100.0,75.0,0.7708,VOLATILE_BREAKOUT,BUY,100.0,75.0,0.094741,NEUTRAL
1762497684.944388,WEAK_BULLISH,39.8,74.25,5,4,1,0,,,,,,BUY,100.0,70.0,157.26,VOLATILE_BREAKOUT,,,,,,SELL,-100.0,80.0,0.44159,NEUTRAL,,,,,,,,,,,BUY,99.0,75.0,0.000854,SIDEWAYS,BUY,100.0,75.0,0.77361,VOLATILE_BREAKOUT,BUY,100.0,70.0,0.094696,NEUTRAL
1762501328.764913,NEUTRAL,-0.1999999999999957,73.75,5,3,1,1,,,,,,NOTHING,0.0,65.0,156.64,VOLATILE_BREAKOUT,,,,,,SELL,-100.0,85.0,0.44259,NEUTRAL,,,,,,,,,,,BUY,99.0,75.0,0.000852,SIDEWAYS,BUY,100.0,75.0,0.77231,VOLATILE_BREAKOUT,BUY,100.0,70.0,0.095371,NEUTRAL
1762504965.252061,WEAK_BULLISH,43.9425,67.75,5,3,0,2,,,,,,NOTHING,0.0,65.0,156.94,NEUTRAL,,,,,,NOTHING,46.475,65.0,0.44447,VOLATILE_BREAKOUT,,,,,,,,,,,BUY,100.0,75.0,0.000858,WEAK_TREND,BUY,100.0,75.0,0.77471,NEUTRAL,BUY,100.0,70.0,0.095561,NEUTRAL
1762508601.450112,WEAK_BULLISH,35.345,66.25,5,2,0,3,,,,,,NOTHING,0.0,65.0,154.1,NEUTRAL,,,,,,NOTHING,35.75,65.0,0.43641,NEUTRAL,,,,,,,,,,,BUY,100.0,70.0,0.000846,WEAK_TREND,NOTHING,0.0,65.0,0.75709,NEUTRAL,BUY,92.4,70.0,0.093622,SIDEWAYS
1762512234.893639,WEAK_BULLISH,40.992105263157896,67.36842105263158,4,2,0,2,,,,,,NOTHING,0.0,65.0,154.7,NEUTRAL,,,,,,NOTHING,46.475,65.0,0.4407,VOLATILE_BREAKOUT,,,,,,,,,,,BUY,100.0,75.0,0.000855,WEAK_TREND,,,,,,BUY,100.0,70.0,0.094826,NEUTRAL
1762515868.664299,NEUTRAL,23.1,66.25,5,2,0,3,,,,,,NOTHING,0.0,65.0,152.76,NEUTRAL,,,,,,NOTHING,0.0,65.0,0.4334,NEUTRAL,,,,,,,,,,,BUY,92.4,70.0,0.000841,SIDEWAYS,NOTHING,0.0,65.0,0.74967,VOLATILE_BREAKOUT,BUY,92.4,70.0,0.093604,SIDEWAYS
1762519503.390521,NEUTRAL,23.48,66.5,5,2,0,3,,,,,,NOTHING,0.0,65.0,151.91,VOLATILE_BREAKOUT,,,,,,NOTHING,0.0,65.0,0.42489,NEUTRAL,,,,,,,,,,,BUY,92.4,70.0,0.000826,SIDEWAYS,BUY,100.0,75.0,0.73538,VOLATILE_BREAKOUT,NOTHING,0.0,65.0,0.092027,NEUTRAL
1762523151.205831,NEUTRAL,23.48,66.5,5,2,0,3,,,,,,NOTHING,0.0,65.0,151.69,VOLATILE_BREAKOUT,,,,,,NOTHING,0.0,65.0,0.42866,NEUTRAL,,,,,,,,,,,BUY,92.4,70.0,0.000841,SIDEWAYS,BUY,100.0,75.0,0.73247,VOLATILE_BREAKOUT,NOTHING,0.0,65.0,0.093113,NEUTRAL
1762526787.342972,BULLISH,59.8,69.5,5,4,0,1,,,,,,NOTHING,0.0,65.0,153.31,NEUTRAL,,,,,,BUY,100.0,70.0,0.4369,NEUTRAL,,,,,,,,,,,BUY,99.0,75.0,0.000854,SIDEWAYS,BUY,100.0,75.0,0.7426,VOLATILE_BREAKOUT,BUY,100.0,75.0,0.095023,NEUTRAL
1762530427.443838,BULLISH,60.0,71.0,5,4,0,1,,,,,,NOTHING,0.0,65.0,154.05,NEUTRAL,,,,,,BUY,100.0,75.0,0.44668,NEUTRAL,,,,,,,,,,,BUY,100.0,75.0,0.000874,WEAK_TREND,BUY,100.0,75.0,0.75592,VOLATILE_BREAKOUT,BUY,100.0,75.0,0.097997,NEUTRAL
1762534063.465139,BULLISH,60.0,79.25,5,4,0,1,,,,,,NOTHING,0.0,65.0,157.21,NEUTRAL,,,,,,BUY,100.0,90.0,0.46926,VOLATILE_BREAKOUT,,,,,,,,,,,BUY,100.0,90.0,0.000923,VOLATILE_BREAKOUT,BUY,100.0,75.0,0.7986,NEUTRAL,BUY,100.0,90.0,0.10328,VOLATILE_BREAKOUT
1762537698.617178,BULLISH,60.0,77.5,5,4,0,1,,,,,,NOTHING,0.0,65.0,160.57,NEUTRAL,,,,,,BUY,100.0,85.0,0.48086,VOLATILE_BREAKOUT,,,,,,,,,,,BUY,100.0,90.0,0.000969,VOLATILE_BREAKOUT,BUY,100.0,75.0,0.81671,NEUTRAL,BUY,100.0,85.0,0.1064,VOLATILE_BREAKOUT
1762541333.102617,STRONG_BULLISH,100.0,79.75,5,5,0,0,,,,,,BUY,100.0,75.0,162.1,NEUTRAL,,,,,,BUY,100.0,80.0,0.4942,VOLATILE_BREAKOUT,,,,,,,,,,,BUY,100.0,90.0,0.000991,VOLATILE_BREAKOUT,BUY,100.0,75.0,0.82699,NEUTRAL,BUY,100.0,80.0,0.11033,VOLATILE_BREAKOUT
1762544969.422665,STRONG_BULLISH,100.0,83.25,5,5,0,0,,,,,,BUY,100.0,75.0,163.87,NEUTRAL,,,,,,BUY,100.0,90.0,0.49126,VOLATILE_BREAKOUT,,,,,,,,,,,BUY,100.0,90.0,0.000978,VOLATILE_BREAKOUT,BUY,100.0,75.0,0.8208,NEUTRAL,BUY,100.0,90.0,0.11107,VOLATILE_BREAKOUT
1762548603.200853,STRONG_BULLISH,90.0,83.0,5,4,1,0,,,,,,BUY,100.0,75.0,163.3,NEUTRAL,,,,,,BUY,100.0,90.0,0.49323,VOLATILE_BREAKOUT,,,,,,,,,,,BUY,100.0,90.0,0.000981,VOLATILE_BREAKOUT,BUY,100.0,75.0,0.82275,VOLATILE_BREAKOUT,SELL,-100.0,85.0,0.11658,VOLATILE_BREAKOUT
1762552238.726924,STRONG_BULLISH,90.0,81.5,5,4,1,0,,,,,,BUY,100.0,75.0,163.46,NEUTRAL,,,,,,BUY,100.0,85.0,0.49416,VOLATILE_BREAKOUT,,,,,,,,,,,BUY,100.0,90.0,0.00099,VOLATILE_BREAKOUT,BUY,100.0,75.0,0.83652,VOLATILE_BREAKOUT,SELL,-100.0,85.0,0.11597,VOLATILE_BREAKOUT
1762555873.912765,STRONG_BULLISH,90.0,82.75,5,4,1,0,,,,,,BUY,100.0,75.0,163.28,NEUTRAL,,,,,,BUY,100.0,90.0,0.49055,VOLATILE_BREAKOUT,,,,,,,,,,,BUY,100.0,90.0,0.00099,VOLATILE_BREAKOUT,BUY,100.0,75.0,0.83525,VOLATILE_BREAKOUT,SELL,-100.0,80.0,0.11405,VOLATILE_BREAKOUT
1762559523.486568,STRONG_BULLISH,90.0,79.75,5,4,1,0,,,,,,BUY,100.0,75.0,162.1,NEUTRAL,,,,,,BUY,100.0,80.0,0.48162,VOLATILE_BREAKOUT,,,,,,,,,,,BUY,100.0,90.0,0.000969,VOLATILE_BREAKOUT,BUY,100.0,75.0,0.82578,VOLATILE_BREAKOUT,SELL,-100.0,80.0,0.11008,VOLATILE_BREAKOUT
1762563170.337344,STRONG_BULLISH,90.0,75.25,5,4,1,0,,,,,,BUY,100.0,70.0,161.72,NEUTRAL,,,,,,BUY,100.0,75.0,0.48514,VOLATILE_BREAKOUT,,,,,,,,,,,BUY,100.0,85.0,0.000966,VOLATILE_BREAKOUT,BUY,100.0,75.0,0.82125,VOLATILE_BREAKOUT,SELL,-100.0,80.0,0.10894,VOLATILE_BREAKOUT
1762566822.484578,STRONG_BULLISH,90.0,76.25,5,4,1,0,,,,,,BUY,100.0,70.0,161.94,NEUTRAL,,,,,,BUY,100.0,75.0,0.48832,VOLATILE_BREAKOUT,,,,,,,,,,,BUY,100.0,90.0,0.000971,VOLATILE_BREAKOUT,BUY,100.0,75.0,0.82556,VOLATILE_BREAKOUT,SELL,-100.0,80.0,0.10936,VOLATILE_BREAKOUT
1762570476.095468,STRONG_BULLISH,90.0,78.25,5,4,1,0,,,,,,BUY,100.0,75.0,163.37,NEUTRAL,,,,,,BUY,100.0,75.0,0.48448,VOLATILE_BREAKOUT,,,,,,,,,,,BUY,100.0,90.0,0.000971,VOLATILE_BREAKOUT,BUY,100.0,75.0,0.83788,VOLATILE_BREAKOUT,SELL,-100.0,80.0,0.10884,STRONG_TREND
1763186892.592359,BULLISH,70.0,72.75,5,4,0,1,,,,,,BUY,100.0,75.0,142.54,VOLATILE_BREAKOUT,,,,,,NOTHING,0.0,65.0,0.42514,VOLATILE_BREAKOUT,,,,,,,,,,,BUY,100.0,75.0,0.00084,VOLATILE_BREAKOUT,BUY,100.0,90.0,0.61002,VOLATILE_BREAKOUT,BUY,100.0,75.0,0.093095,VOLATILE_BREAKOUT
1763190542.522062,BULLISH,70.0,72.25,5,4,0,1,,,,,,BUY,100.0,75.0,142.63,VOLATILE_BREAKOUT,,,,,,NOTHING,0.0,65.0,0.42789,VOLATILE_BREAKOUT,,,,,,,,,,,BUY,100.0,75.0,0.000841,VOLATILE_BREAKOUT,BUY,100.0,80.0,0.60195,VOLATILE_BREAKOUT,BUY,100.0,75.0,0.093408,VOLATILE_BREAKOUT
1763194180.15315,BULLISH,56.0575,72.5,5,4,0,1,,,,,,BUY,100.0,75.0,142.15,VOLATILE_BREAKOUT,,,,,,NOTHING,-46.475,65.0,0.41918,VOLATILE_BREAKOUT,,,,,,,,,,,BUY,100.0,75.0,0.000834,VOLATILE_BREAKOUT,BUY,100.0,85.0,0.59592,VOLATILE_BREAKOUT,BUY,100.0,75.0,0.092392,VOLATILE_BREAKOUT
1763197827.981326,STRONG_BULLISH,100.0,75.5,5,5,0,0,,,,,,BUY,100.0,75.0,140.89,VOLATILE_BREAKOUT,,,,,,BUY,100.0,75.0,0.41354,VOLATILE_BREAKOUT,,,,,,,,,,,BUY,100.0,75.0,0.000825,VOLATILE_BREAKOUT,BUY,100.0,85.0,0.58714,VOLATILE_BREAKOUT,BUY,100.0,75.0,0.090938,VOLATILE_BREAKOUT
1763201464.21703,STRONG_BULLISH,100.0,75.5,5,5,0,0,,,,,,BUY,100.0,75.0,140.73,VOLATILE_BREAKOUT,,,,,,BUY,100.0,75.0,0.41518,VOLATILE_BREAKOUT,,,,,,,,,,,BUY,100.0,75.0,0.000823,VOLATILE_BREAKOUT,BUY,100.0,85.0,0.58876,VOLATILE_BREAKOUT,BUY,100.0,75.0,0.090634,VOLATILE_BREAKOUT
1763205100.796419,BULLISH,70.705,73.5,5,4,0,1,,,,,,BUY,100.0,75.0,141.03,VOLATILE_BREAKOUT,,,,,,BUY,100.0,75.0,0.41783,VOLATILE_BREAKOUT,,,,,,,,,,,NOTHING,-46.475,65.0,0.000829,VOLATILE_BREAKOUT,BUY,100.0,85.0,0.59478,VOLATILE_BREAKOUT,BUY,100.0,75.0,0.091315,VOLATILE_BREAKOUT
1763208736.825774,STRONG_BULLISH,100.0,82.25,5,5,0,0,,,,,,BUY,100.0,90.0,140.19,VOLATILE_BREAKOUT,,,,,,BUY,100.0,75.0,0.41749,VOLATILE_BREAKOUT,,,,,,,,,,,BUY,100.0,75.0,0.000826,VOLATILE_BREAKOUT,BUY,100.0,85.0,0.59151,VOLATILE_BREAKOUT,BUY,100.0,90.0,0.090968,VOLATILE_BREAKOUT
1763212373.134314,STRONG_BULLISH,100.0,79.5,5,5,0,0,,,,,,BUY,100.0,85.0,141.25,VOLATILE_BREAKOUT,,,,,,BUY,100.0,75.0,0.42528,VOLATILE_BREAKOUT,,,,,,,,,,,BUY,100.0,75.0,0.000834,VOLATILE_BREAKOUT,BUY,100.0,85.0,0.5965,VOLATILE_BREAKOUT,BUY,100.0,75.0,0.092376,VOLATILE_BREAKOUT
1763216009.362704,STRONG_BULLISH,100.0,77.75,5,5,0,0,,,,,,BUY,100.0,80.0,141.48,VOLATILE_BREAKOUT,,,,,,BUY,100.0,75.0,0.43037,VOLATILE_BREAKOUT,,,,,,,,,,,BUY,100.0,75.0,0.000835,VOLATILE_BREAKOUT,BUY,100.0,90.0,0.59331,VOLATILE_BREAKOUT,BUY,100.0,75.0,0.092715,VOLATILE_BREAKOUT
1763219657.858351,STRONG_BULLISH,100.0,75.5,5,5,0,0,,,,,,BUY,100.0,75.0,141.84,VOLATILE_BREAKOUT,,,,,,BUY,100.0,75.0,0.43469,VOLATILE_BREAKOUT,,,,,,,,,,,BUY,100.0,75.0,0.000834,VOLATILE_BREAKOUT,BUY,100.0,85.0,0.59106,VOLATILE_BREAKOUT,BUY,100.0,75.0,0.092964,VOLATILE_BREAKOUT
1763223310.093411,STRONG_BULLISH,100.0,81.5,5,5,0,0,,,,,,BUY,100.0,90.0,141.24,VOLATILE_BREAKOUT,,,,,,BUY,100.0,75.0,0.42615,VOLATILE_BREAKOUT,,,,,,,,,,,BUY,100.0,75.0,0.000826,VOLATILE_BREAKOUT,BUY,100.0,85.0,0.58553,VOLATILE_BREAKOUT,BUY,100.0,75.0,0.092093,VOLATILE_BREAKOUT
1763226956.136686,STRONG_BULLISH,100.0,77.5,5,5,0,0,,,,,,BUY,100.0,80.0,142.55,VOLATILE_BREAKOUT,,,,,,BUY,100.0,75.0,0.42702,VOLATILE_BREAKOUT,,,,,,,,,,,BUY,100.0,75.0,0.00083,VOLATILE_BREAKOUT,BUY,100.0,85.0,0.59127,VOLATILE_BREAKOUT,BUY,100.0,75.0,0.092367,VOLATILE_BREAKOUT
1763230605.169842,STRONG_BULLISH,100.0,75.5,5,5,0,0,,,,,,BUY,100.0,75.0,143.18,VOLATILE_BREAKOUT,,,,,,BUY,100.0,75.0,0.43122,VOLATILE_BREAKOUT,,,,,,,,,,,BUY,100.0,75.0,0.000838,VOLATILE_BREAKOUT,BUY,100.0,85.0,0.603,VOLATILE_BREAKOUT,BUY,100.0,75.0,0.093387,VOLATILE_BREAKOUT
1763234254.280726,STRONG_BULLISH,100.0,75.5,5,5,0,0,,,,,,BUY,100.0,75.0,142.69,VOLATILE_BREAKOUT,,,,,,BUY,100.0,75.0,0.42911,VOLATILE_BREAKOUT,,,,,,,,,,,BUY,100.0,75.0,0.000834,VOLATILE_BREAKOUT,BUY,100.0,85.0,0.60062,VOLATILE_BREAKOUT,BUY,100.0,75.0,0.092644,VOLATILE_BREAKOUT
1763237902.525785,STRONG_BULLISH,100.0,75.75,5,5,0,0,,,,,,BUY,100.0,75.0,141.14,VOLATILE_BREAKOUT,,,,,,BUY,100.0,75.0,0.4259,NEUTRAL,,,,,,,,,,,BUY,100.0,75.0,0.000828,NEUTRAL,BUY,100.0,90.0,0.59517,VOLATILE_BREAKOUT,BUY,100.0,75.0,0.092013,VOLATILE_BREAKOUT
1763241549.324372,STRONG_BULLISH,100.0,75.5,5,5,0,0,,,,,,BUY,100.0,75.0,140.35,VOLATILE_BREAKOUT,,,,,,BUY,100.0,75.0,0.42513,NEUTRAL,,,,,,,,,,,BUY,100.0,75.0,0.000826,NEUTRAL,BUY,100.0,85.0,0.59192,VOLATILE_BREAKOUT,BUY,100.0,75.0,0.092068,VOLATILE_BREAKOUT
1763245185.29185,STRONG_BULLISH,100.0,77.5,5,5,0,0,,,,,,BUY,100.0,80.0,139.51,VOLATILE_BREAKOUT,,,,,,BUY,100.0,75.0,0.42529,NEUTRAL,,,,,,,,,,,BUY,100.0,75.0,0.000817,VOLATILE_BREAKOUT,BUY,100.0,85.0,0.58878,VOLATILE_BREAKOUT,BUY,100.0,75.0,0.091513,VOLATILE_BREAKOUT
1763248821.27486,STRONG_BULLISH,100.0,77.75,5,5,0,0,,,,,,BUY,100.0,80.0,139.87,VOLATILE_BREAKOUT,,,,,,BUY,100.0,75.0,0.42403,NEUTRAL,,,,,,,,,,,BUY,100.0,75.0,0.000824,NEUTRAL,BUY,100.0,90.0,0.59053,VOLATILE_BREAKOUT,BUY,100.0,75.0,0.091796,VOLATILE_BREAKOUT
1763252457.731564,STRONG_BULLISH,95.0,74.25,5,4,0,1,,,,,,BUY,100.0,75.0,138.77,VOLATILE_BREAKOUT,,,,,,BUY,100.0,75.0,0.42102,NEUTRAL,,,,,,,,,,,BUY,100.0,70.0,0.000819,VOLATILE_BREAKOUT,BUY,100.0,90.0,0.58313,VOLATILE_BREAKOUT,NOTHING,0.0,65.0,0.090812,VOLATILE_BREAKOUT
1763256108.06627,NEUTRAL,5.0,66.0,5,1,0,4,,,,,,NOTHING,0.0,65.0,139.0,VOLATILE_BREAKOUT,,,,,,NOTHING,0.0,65.0,0.42184,NEUTRAL,,,,,,,,,,,NOTHING,0.0,65.0,0.000819,VOLATILE_BREAKOUT,BUY,100.0,85.0,0.58507,VOLATILE_BREAKOUT,NOTHING,0.0,65.0,0.090881,VOLATILE_BREAKOUT
1763259756.243423,NEUTRAL,10.0,68.25,5,2,0,3,,,,,,NOTHING,0.0,70.0,139.65,VOLATILE_BREAKOUT,,,,,,NOTHING,0.0,65.0,0.4225,NEUTRAL,,,,,,,,,,,NOTHING,0.0,65.0,0.000819,VOLATILE_BREAKOUT,BUY,100.0,80.0,0.58949,VOLATILE_BREAKOUT,BUY,100.0,75.0,0.09138,VOLATILE_BREAKOUT
1763263849.074012,WEAK_BULLISH,40.0,67.75,5,3,0,2,,,,,,NOTHING,0.0,65.0,141.16,VOLATILE_BREAKOUT,,,,,,BUY,100.0,70.0,0.42917,NEUTRAL,,,,,,,,,,,NOTHING,0.0,65.0,0.000825,VOLATILE_BREAKOUT,BUY,100.0,80.0,0.59464,VOLATILE_BREAKOUT,BUY,100.0,75.0,0.091922,VOLATILE_BREAKOUT
1763267507.118929,STRONG_BULLISH,75.0,71.25,5,3,0,2,,,,,,BUY,100.0,75.0,141.11,VOLATILE_BREAKOUT,,,,,,BUY,100.0,70.0,0.42829,VOLATILE_BREAKOUT,,,,,,,,,,,NOTHING,0.0,65.0,0.000821,VOLATILE_BREAKOUT,BUY,100.0,80.0,0.59465,VOLATILE_BREAKOUT,NOTHING,0.0,65.0,0.09163,VOLATILE_BREAKOUT
1763291249.089467,BULLISH,50.0,69.75,5,3,0,2,,,,,,BUY,100.0,75.0,142.81,VOLATILE_BREAKOUT,,,,,,NOTHING,0.0,65.0,0.42824,VOLATILE_BREAKOUT,,,,,,,,,,,NOTHING,0.0,65.0,0.000823,VOLATILE_BREAKOUT,BUY,100.0,75.0,0.59548,VOLATILE_BREAKOUT,BUY,100.0,70.0,0.092993,VOLATILE_BREAKOUT
1763294898.899948,WEAK_BULLISH,45.0,70.25,5,2,0,3,,,,,,BUY,100.0,75.0,140.28,VOLATILE_BREAKOUT,,,,,,NOTHING,0.0,65.0,0.42012,VOLATILE_BREAKOUT,,,,,,,,,,,NOTHING,0.0,65.0,0.000812,VOLATILE_BREAKOUT,BUY,100.0,90.0,0.58658,VOLATILE_BREAKOUT,NOTHING,0.0,65.0,0.091223,VOLATILE_BREAKOUT
1763298534.808913,BULLISH,50.0,70.75,5,3,0,2,,,,,,BUY,100.0,75.0,139.93,VOLATILE_BREAKOUT,,,,,,NOTHING,0.0,65.0,0.41725,VOLATILE_BREAKOUT,,,,,,,,,,,NOTHING,0.0,65.0,0.000806,VOLATILE_BREAKOUT,BUY,100.0,90.0,0.583,VOLATILE_BREAKOUT,BUY,100.0,75.0,0.091104,VOLATILE_BREAKOUT
1763302171.737224,NEUTRAL,5.0,65.75,5,1,0,4,,,,,,NOTHING,0.0,65.0,139.86,VOLATILE_BREAKOUT,,,,,,NOTHING,0.0,65.0,0.41515,VOLATILE_BREAKOUT,,,,,,,,,,,NOTHING,0.0,65.0,0.000801,VOLATILE_BREAKOUT,BUY,100.0,80.0,0.58327,VOLATILE_BREAKOUT,NOTHING,0.0,65.0,0.09058,VOLATILE_BREAKOUT
1763305820.687784,WEAK_BULLISH,45.0,70.25,5,2,0,3,,,,,,BUY,100.0,75.0,140.14,VOLATILE_BREAKOUT,,,,,,NOTHING,0.0,65.0,0.41705,VOLATILE_BREAKOUT,,,,,,,,,,,NOTHING,0.0,65.0,0.000805,VOLATILE_BREAKOUT,BUY,100.0,90.0,0.59084,VOLATILE_BREAKOUT,NOTHING,0.0,65.0,0.091061,VOLATILE_BREAKOUT
1763309468.715478,WEAK_BULLISH,45.0,70.25,5,2,0,3,,,,,,BUY,100.0,75.0,137.02,VOLATILE_BREAKOUT,,,,,,NOTHING,0.0,65.0,0.40887,VOLATILE_BREAKOUT,,,,,,,,,,,NOTHING,0.0,65.0,0.000786,VOLATILE_BREAKOUT,BUY,100.0,90.0,0.57259,VOLATILE_BREAKOUT,NOTHING,0.0,65.0,0.088756,VOLATILE_BREAKOUT
1763313117.041821,BULLISH,63.38125,73.25,5,3,0,2,,,,,,BUY,100.0,75.0,135.89,VOLATILE_BREAKOUT,,,,,,BUY,100.0,75.0,0.40181,VOLATILE_BREAKOUT,,,,,,,,,,,NOTHING,-46.475,65.0,0.000769,VOLATILE_BREAKOUT,BUY,100.0,90.0,0.56442,VOLATILE_BREAKOUT,NOTHING,-46.475,65.0,0.087044,VOLATILE_BREAKOUT
1763316764.811934,STRONG_BULLISH,80.0,73.25,5,4,0,1,,,,,,BUY,100.0,75.0,138.12,VOLATILE_BREAKOUT,,,,,,BUY,100.0,75.0,0.41127,VOLATILE_BREAKOUT,,,,,,,,,,,NOTHING,0.0,65.0,0.000782,VOLATILE_BREAKOUT,BUY,100.0,80.0,0.57729,VOLATILE_BREAKOUT,BUY,100.0,75.0,0.089552,VOLATILE_BREAKOUT
1763320414.284893,BULLISH,65.705,72.75,5,3,0,2,,,,,,BUY,100.0,75.0,137.44,VOLATILE_BREAKOUT,,,,,,BUY,100.0,75.0,0.40573,VOLATILE_BREAKOUT,,,,,,,,,,,NOTHING,-46.475,65.0,0.000772,VOLATILE_BREAKOUT,BUY,100.0,80.0,0.5743,VOLATILE_BREAKOUT,NOTHING,0.0,65.0,0.089171,VOLATILE_BREAKOUT
1763324065.484125,BULLISH,60.0,71.75,5,4,0,1,,,,,,NOTHING,0.0,65.0,137.67,NEUTRAL,,,,,,BUY,100.0,75.0,0.40387,NEUTRAL,,,,,,,,,,,BUY,100.0,75.0,0.000773,NEUTRAL,BUY,100.0,90.0,0.5715,VOLATILE_BREAKOUT,BUY,100.0,75.0,0.088111,VOLATILE_BREAKOUT
1763327715.961143,NEUTRAL,16.057499999999997,71.75,5,3,0,2,,,,,,NOTHING,0.0,65.0,135.99,NEUTRAL,,,,,,NOTHING,-46.475,65.0,0.39771,VOLATILE_BREAKOUT,,,,,,,,,,,BUY,100.0,90.0,0.000764,VOLATILE_BREAKOUT,BUY,100.0,90.0,0.5633,VOLATILE_BREAKOUT,BUY,100.0,75.0,0.086987,VOLATILE_BREAKOUT
1763331366.934063,BULLISH,60.0,71.5,5,4,0,1,,,,,,NOTHING,0.0,65.0,136.18,NEUTRAL,,,,,,BUY,100.0,75.0,0.39966,VOLATILE_BREAKOUT,,,,,,,,,,,BUY,100.0,75.0,0.000767,NEUTRAL,BUY,100.0,85.0,0.56959,VOLATILE_BREAKOUT,BUY,100.0,75.0,0.087193,VOLATILE_BREAKOUT
1763335015.277575,BULLISH,60.0,71.0,5,4,0,1,,,,,,NOTHING,0.0,65.0,136.94,NEUTRAL,,,,,,BUY,100.0,75.0,0.40685,NEUTRAL,,,,,,,,,,,BUY,100.0,75.0,0.000778,NEUTRAL,BUY,100.0,80.0,0.5729,VOLATILE_BREAKOUT,BUY,100.0,70.0,0.087871,VOLATILE_BREAKOUT
1763338665.076262,BULLISH,70.705,73.75,5,4,0,1,,,,,,BUY,100.0,75.0,136.4,NEUTRAL,,,,,,BUY,100.0,75.0,0.40746,VOLATILE_BREAKOUT,,,,,,,,,,,NOTHING,-46.475,65.0,0.000776,VOLATILE_BREAKOUT,BUY,100.0,90.0,0.56943,VOLATILE_BREAKOUT,BUY,100.0,75.0,0.087995,VOLATILE_BREAKOUT
1763342315.661711,BULLISH,70.705,73.25,5,4,0,1,,,,,,BUY,100.0,75.0,138.67,NEUTRAL,,,,,,BUY,100.0,75.0,0.41381,VOLATILE_BREAKOUT,,,,,,,,,,,NOTHING,-46.475,65.0,0.000787,VOLATILE_BREAKOUT,BUY,100.0,80.0,0.57228,VOLATILE_BREAKOUT,BUY,100.0,75.0,0.089196,VOLATILE_BREAKOUT
1763345957.115362,NEUTRAL,0.7050000000000001,66.25,5,2,0,3,,,,,,NOTHING,0.0,65.0,138.75,NEUTRAL,,,,,,NOTHING,0.0,65.0,0.4138,VOLATILE_BREAKOUT,,,,,,,,,,,NOTHING,-46.475,65.0,0.000787,VOLATILE_BREAKOUT,BUY,100.0,80.0,0.57542,VOLATILE_BREAKOUT,BUY,100.0,75.0,0.088718,VOLATILE_BREAKOUT
1763349607.192506,WEAK_BULLISH,42.85,68.0,5,3,0,2,,,,,,BUY,100.0,70.0,140.02,NEUTRAL,,,,,,NOTHING,0.0,65.0,0.41533,NEUTRAL,,,,,,,,,,,NOTHING,-35.75,65.0,0.000796,NEUTRAL,BUY,100.0,75.0,0.58102,VOLATILE_BREAKOUT,BUY,100.0,75.0,0.089109,VOLATILE_BREAKOUT
1763353253.216074,WEAK_BULLISH,45.0,67.5,5,2,0,3,,,,,,BUY,100.0,70.0,139.79,NEUTRAL,,,,,,NOTHING,0.0,65.0,0.41476,NEUTRAL,,,,,,,,,,,NOTHING,0.0,65.0,0.000798,NEUTRAL,BUY,100.0,75.0,0.57732,VOLATILE_BREAKOUT,NOTHING,0.0,65.0,0.088904,NEUTRAL
1763356969.427141,BULLISH,70.0,68.5,5,2,0,3,,,,,,BUY,100.0,70.0,140.16,NEUTRAL,,,,,,BUY,100.0,70.0,0.41461,NEUTRAL,,,,,,,,,,,NOTHING,0.0,65.0,0.000797,NEUTRAL,NOTHING,0.0,65.0,0.57539,VOLATILE_BREAKOUT,NOTHING,0.0,65.0,0.088267,VOLATILE_BREAKOUT
1763360622.171206,BULLISH,71.96000000000001,69.0,5,3,0,2,,,,,,BUY,92.4,70.0,141.06,SIDEWAYS,,,,,,BUY,100.0,70.0,0.41609,NEUTRAL,,,,,,,,,,,NOTHING,0.0,65.0,0.000798,NEUTRAL,BUY,100.0,75.0,0.57603,VOLATILE_BREAKOUT,NOTHING,0.0,65.0,0.088512,NEUTRAL
1763364271.594913,BULLISH,71.96000000000001,69.0,5,3,0,2,,,,,,BUY,92.4,70.0,141.72,SIDEWAYS,,,,,,BUY,100.0,70.0,0.41581,NEUTRAL,,,,,,,,,,,NOTHING,0.0,65.0,0.000806,SIDEWAYS,BUY,100.0,75.0,0.57626,VOLATILE_BREAKOUT,NOTHING,0.0,65.0,0.089626,NEUTRAL
1763367921.622828,STRONG_BULLISH,91.76000000000002,71.0,5,4,0,1,,,,,,BUY,92.4,70.0,141.54,SIDEWAYS,,,,,,BUY,100.0,70.0,0.41593,NEUTRAL,,,,,,,,,,,BUY,99.0,75.0,0.000805,SIDEWAYS,BUY,100.0,75.0,0.57755,VOLATILE_BREAKOUT,NOTHING,0.0,65.0,0.089448,NEUTRAL
1763371555.893326,STRONG_BULLISH,91.76000000000002,71.0,5,4,0,1,,,,,,BUY,92.4,70.0,141.85,SIDEWAYS,,,,,,BUY,100.0,70.0,0.41675,NEUTRAL,,,,,,,,,,,BUY,99.0,75.0,0.000806,SIDEWAYS,BUY,100.0,75.0,0.57866,VOLATILE_BREAKOUT,NOTHING,0.0,65.0,0.089599,NEUTRAL
1763375200.098632,STRONG_BULLISH,91.76000000000002,71.0,5,4,0,1,,,,,,BUY,92.4,70.0,142.27,SIDEWAYS,,,,,,BUY,100.0,70.0,0.41774,NEUTRAL,,,,,,,,,,,BUY,99.0,75.0,0.000808,SIDEWAYS,BUY,100.0,75.0,0.57548,VOLATILE_BREAKOUT,NOTHING,0.0,65.0,0.089554,NEUTRAL
1763378845.00836,STRONG_BULLISH,96.76000000000002,72.25,5,5,0,0,,,,,,BUY,92.4,70.0,142.31,SIDEWAYS,,,,,,BUY,100.0,70.0,0.41553,NEUTRAL,,,,,,,,,,,BUY,99.0,75.0,0.000805,SIDEWAYS,BUY,100.0,90.0,0.57414,VOLATILE_BREAKOUT,BUY,100.0,75.0,0.089428,NEUTRAL
1763382479.453916,STRONG_BULLISH,94.43000000000002,71.5,5,5,0,0,,,,,,BUY,92.4,70.0,142.0,SIDEWAYS,,,,,,BUY,92.4,70.0,0.41423,SIDEWAYS,,,,,,,,,,,BUY,99.0,75.0,0.000802,SIDEWAYS,BUY,100.0,75.0,0.56899,VOLATILE_BREAKOUT,BUY,99.0,75.0,0.089662,SIDEWAYS
1763386122.299828,STRONG_BULLISH,99.6,75.75,5,5,0,0,,,,,,BUY,99.0,75.0,140.84,SIDEWAYS,,,,,,BUY,100.0,75.0,0.40832,NEUTRAL,,,,,,,,,,,BUY,100.0,75.0,0.000795,NEUTRAL,BUY,100.0,90.0,0.5571,VOLATILE_BREAKOUT,BUY,100.0,75.0,0.088039,NEUTRAL
1763389768.550741,WEAK_BULLISH,40.0,70.5,5,3,0,2,,,,,,NOTHING,0.0,65.0,137.24,SIDEWAYS,,,,,,BUY,100.0,75.0,0.39622,VOLATILE_BREAKOUT,,,,,,,,,,,NOTHING,0.0,65.0,0.000781,WEAK_TREND,BUY,100.0,90.0,0.54726,VOLATILE_BREAKOUT,BUY,100.0,90.0,0.086853,NEUTRAL
1763393418.186851,STRONG_BULLISH,99.6,75.25,5,5,0,0,,,,,,BUY,99.0,75.0,138.69,SIDEWAYS,,,,,,BUY,100.0,75.0,0.40816,NEUTRAL,,,,,,,,,,,BUY,100.0,75.0,0.000793,WEAK_TREND,BUY,100.0,80.0,0.56673,VOLATILE_BREAKOUT,BUY,100.0,75.0,0.088268,NEUTRAL
1763397067.044233,STRONG_BULLISH,92.67625,74.5,5,4,0,1,,,,,,BUY,100.0,75.0,135.05,NEUTRAL,,,,,,BUY,100.0,75.0,0.40077,VOLATILE_BREAKOUT,,,,,,,,,,,BUY,100.0,75.0,0.000779,WEAK_TREND,BUY,100.0,75.0,0.55931,VOLATILE_BREAKOUT,NOTHING,-46.475,65.0,0.086656,VOLATILE_BREAKOUT
1763400715.536289,STRONG_BULLISH,100.0,75.0,5,5,0,0,,,,,,BUY,100.0,75.0,133.71,NEUTRAL,,,,,,BUY,100.0,75.0,0.40275,WEAK_TREND,,,,,,,,,,,BUY,100.0,75.0,0.000781,WEAK_TREND,BUY,100.0,75.0,0.55563,VOLATILE_BREAKOUT,BUY,100.0,75.0,0.086685,VOLATILE_BREAKOUT
1763404366.675985,STRONG_BULLISH,100.0,79.0,5,5,0,0,,,,,,BUY,100.0,75.0,131.33,VOLATILE_BREAKOUT,,,,,,BUY,100.0,75.0,0.39058,VOLATILE_BREAKOUT,,,,,,,,,,,BUY,100.0,90.0,0.000757,VOLATILE_BREAKOUT,BUY,100.0,90.0,0.54295,VOLATILE_BREAKOUT,BUY,100.0,80.0,0.084426,VOLATILE_BREAKOUT
1763408014.534582,STRONG_BULLISH,100.0,81.5,5,5,0,0,,,,,,BUY,100.0,80.0,129.89,VOLATILE_BREAKOUT,,,,,,BUY,100.0,75.0,0.38838,VOLATILE_BREAKOUT,,,,,,,,,,,BUY,100.0,90.0,0.000757,VOLATILE_BREAKOUT,BUY,100.0,90.0,0.53673,VOLATILE_BREAKOUT,BUY,100.0,90.0,0.084053,VOLATILE_BREAKOUT
1763411660.910665,STRONG_BULLISH,100.0,87.25,5,5,0,0,,,,,,BUY,100.0,90.0,129.32,VOLATILE_BREAKOUT,,,,,,BUY,100.0,90.0,0.38428,VOLATILE_BREAKOUT,,,,,,,,,,,BUY,100.0,80.0,0.000753,VOLATILE_BREAKOUT,BUY,100.0,85.0,0.53866,VOLATILE_BREAKOUT,BUY,100.0,80.0,0.082905,VOLATILE_BREAKOUT
1763415307.985172,STRONG_BULLISH,100.0,87.75,5,5,0,0,,,,,,BUY,100.0,90.0,130.17,VOLATILE_BREAKOUT,,,,,,BUY,100.0,85.0,0.38502,VOLATILE_BREAKOUT,,,,,,,,,,,BUY,100.0,90.0,0.000753,VOLATILE_BREAKOUT,BUY,100.0,80.0,0.54179,VOLATILE_BREAKOUT,BUY,100.0,85.0,0.083231,VOLATILE_BREAKOUT
