symbol,timeframe,signal,confidence,price,entry_price,reasoning,timestamp,market_regime,direction,volume_trend,historical_accuracy,recommendation_performance
BOME,4h,BUY,65,0.002337,0.002297,RSI near 50 and MACD above signal line,1753229127.994822,STRONG_TREND,BULLISH,Decreasing,,
BOME,4h,NOTHING,45,0.001976,0.00197,Mixed signals with bearish MACD but oversold RSI near support,1756339930.380655,NEUTRAL,SIDEWAYS,Decreasing,,
BOME,4h,NOTHING,55,0.001778,0.00175,Bearish momentum with oversold RSI but no reversal confirmation,1756762645.62219,NEUTRAL,SIDEWAYS,Increasing,,
BOME,4h,NOTHING,60,0.001779,0.00176,Oversold but no bullish reversal confirmation,1756766300.863399,NEUTRAL,SIDEWAYS,Increasing,0.0,-5.149051490514907
BOME,4h,NOTHING,55,0.001807,0.001785,Oversold but no bullish reversal confirmation,1756771941.682356,NEUTRAL,SIDEWAYS,Decreasing,33.33333333333333,-3.86178861788618
BOME,4h,NOTHING,60,0.001817,0.00179,Oversold but no bullish reversal confirmation,1756773184.9045,VOLATILE_BREAKOUT,BEARISH,Decreasing,50.0,-3.0894308943089444
BOME,4h,BUY,90,0.001805,0.001802,Oversold RSI with MACD showing bullish divergence,1756774599.825194,VOLATILE_BREAKOUT,BULLISH,Decreasing,60.0,-2.574525745257453
BOME,4h,BUY,75,0.001837,0.0018,Oversold RSI with MACD showing bullish momentum,1756777911.306168,VOLATILE_BREAKOUT,BULLISH,Decreasing,66.66666666666666,-2.206736353077817
BOME,4h,BUY,75,0.001829,0.0018,RSI oversold and MACD showing bullish divergence,1756778825.985019,VOLATILE_BREAKOUT,BULLISH,Decreasing,71.42857142857143,-1.709287660743644
BOME,4h,BUY,90,0.001823,0.0018,RSI oversold with MACD showing potential bullish reversal,1756779478.406975,VOLATILE_BREAKOUT,BULLISH,Decreasing,62.5,-1.5677548818900746
BOME,4h,BUY,85,0.001881,0.00185,RSI oversold recovery with MACD turning bullish in volatile breakout regime,1756788585.920497,VOLATILE_BREAKOUT,BULLISH,Decreasing,55.55555555555556,-1.4437842050734015
BOME,4h,BUY,75,0.001876,0.00185,RSI oversold with MACD showing bullish divergence,1756789310.826856,VOLATILE_BREAKOUT,BULLISH,Decreasing,60.0,-1.0232975643788018
BOME,4h,BUY,90,0.002246,0.00221,RSI overbought but MACD bullish and price above all EMAs,1757817581.010395,VOLATILE_BREAKOUT,BULLISH,Decreasing,54.54545454545454,-0.9601741052880464
BOME,4h,BUY,90,0.001623,0.00162,RSI oversold below 30 with potential MACD reversal,1758776097.506359,VOLATILE_BREAKOUT,BULLISH,Decreasing,58.333333333333336,0.6308250181136429
BOME,4h,BUY,90,0.001188,0.001168,RSI oversold at 27.16 with MACD turning bullish,1760331345.640032,VOLATILE_BREAKOUT,BULLISH,Decreasing,53.84615384615385,-1.3955340007988126
BOME,4h,BUY,90,0.001183,0.001175,RSI oversold at 27-32 with MACD bullish convergence,1760334991.876446,VOLATILE_BREAKOUT,BULLISH,Decreasing,50.0,-3.089312941719065
BOME,4h,BUY,90,0.001199,0.00118,RSI overbought but MACD bullish crossover forming,1760338639.13635,VOLATILE_BREAKOUT,BULLISH,Decreasing,46.66666666666666,-2.9225355966663376
BOME,4h,BUY,90,0.001201,0.00118,RSI overbought but MACD bullish crossover forming,1760339178.102172,VOLATILE_BREAKOUT,BULLISH,Decreasing,50.0,-2.671063287439731
BOME,4h,BUY,90,0.001228,0.00122,RSI overbought but MACD bullish crossover with breakout momentum,1760414005.080403,VOLATILE_BREAKOUT,BULLISH,Decreasing,52.94117647058824,-2.5134039008379223
BOME,4h,SELL,80,0.001228,0.00115,Overbought RSI with mixed momentum and low volume,1760414769.942934,VOLATILE_BREAKOUT,BEARISH,Decreasing,55.55555555555556,-2.262797034414927
BOME,4h,NOTHING,55,0.001064,0.00104,"Mixed signals with neutral RSI, weak MACD convergence, and low volume",1760826468.785659,NEUTRAL,SIDEWAYS,Decreasing,52.63157894736842,-2.14965718269418
BOME,4h,NOTHING,55,0.00106,0.00104,Mixed signals with neutral RSI and weak MACD momentum,1760828986.129947,NEUTRAL,SIDEWAYS,Decreasing,55.00000000000001,-1.3133147532998644
BOME,4h,NOTHING,55,0.001054,0.00104,Mixed signals with neutral RSI and weak MACD momentum,1760832621.662389,NEUTRAL,SIDEWAYS,Decreasing,57.14285714285714,-1.2536186281498705
BOME,4h,NOTHING,55,0.001045,0.00104,Mixed signals with neutral RSI and weak MACD momentum,1760836254.182532,NEUTRAL,SIDEWAYS,Decreasing,59.09090909090909,-1.199113470404224
BOME,4h,NOTHING,55,0.001054,0.00104,Mixed signals with neutral RSI and MACD still negative,1760839888.277246,NEUTRAL,SIDEWAYS,Decreasing,60.86956521739131,-1.149150409137381
BOME,4h,NOTHING,55,0.00105,0.00104,Mixed signals with neutral RSI and weak MACD momentum,1760843521.004722,NEUTRAL,SIDEWAYS,Decreasing,62.5,-1.1031843927718858
BOME,4h,NOTHING,55,0.001059,0.00104,Mixed signals with neutral RSI and weak MACD momentum,1760847154.462891,NEUTRAL,SIDEWAYS,Decreasing,64.0,-1.060754223819121
BOME,4h,NOTHING,55,0.001059,0.00104,Mixed signals with neutral RSI and weak MACD convergence,1760850786.015935,NEUTRAL,SIDEWAYS,Decreasing,65.38461538461539,-1.0214670303443387
BOME,4h,NOTHING,58,0.001052,0.00104,Mixed signals with RSI neutral and MACD improving but still negative,1760854424.618961,VOLATILE_BREAKOUT,SIDEWAYS,Decreasing,66.66666666666666,-0.984986064974898
BOME,4h,NOTHING,55,0.00105,0.00104,"Mixed signals with RSI neutral, MACD improving but negative, price near EMAs",1760858069.878608,VOLATILE_BREAKOUT,SIDEWAYS,Decreasing,67.85714285714286,-0.9510210282516256
BOME,4h,NOTHING,55,0.001054,0.001045,"Mixed signals with RSI neutral, MACD improving but negative, price below key EMAs",1760861714.92646,VOLATILE_BREAKOUT,SIDEWAYS,Decreasing,68.96551724137932,-0.9193203273099048
BOME,4h,NOTHING,60,0.001044,0.001035,Mixed signals with RSI neutral and MACD improving but price below key EMAs,1760865358.347062,VOLATILE_BREAKOUT,SIDEWAYS,Decreasing,70.0,-0.889664832880553
BOME,4h,NOTHING,55,0.001066,0.001045,Mixed signals with neutral RSI and weak MACD convergence,1760869001.876026,VOLATILE_BREAKOUT,SIDEWAYS,Decreasing,70.96774193548387,-0.8618628068530357
BOME,4h,NOTHING,55,0.001099,0.00104,Mixed signals in sideways market with low volume,1760872638.575401,SIDEWAYS,SIDEWAYS,Decreasing,71.875,-0.8357457520999134
BOME,4h,SELL,80,0.001079,0.00104,Mixed signals with overbought RSI but improving MACD,1760876270.484043,VOLATILE_BREAKOUT,BEARISH,Decreasing,69.6969696969697,-0.8111649946852101
BOME,4h,SELL,80,0.001084,0.00104,Mixed signals with overbought RSI but improving MACD,1760879902.546844,NEUTRAL,BEARISH,Decreasing,70.58823529411765,-0.7879888519799184
BOME,4h,SELL,80,0.001104,0.001065,"Overbought RSI but MACD improving, mixed signals",1760883536.098439,NEUTRAL,BEARISH,Decreasing,68.57142857142857,-0.7789129008845346
BOME,4h,SELL,80,0.001101,0.001065,Mixed signals with overbought RSI but improving MACD,1760887168.416086,NEUTRAL,BEARISH,Decreasing,66.66666666666666,-0.8068232063443731
BOME,4h,SELL,80,0.001097,0.001065,Mixed signals with overbought RSI but improving MACD,1760890801.314933,NEUTRAL,BEARISH,Decreasing,67.56756756756756,-0.7784205018607662
BOME,4h,SELL,80,0.001104,0.00104,Mixed signals with overbought RSI but improving MACD,1760894442.131253,NEUTRAL,BEARISH,Decreasing,68.42105263157895,-0.7491114938309124
BOME,4h,SELL,90,0.001098,0.001112,RSI overbought with MACD negative divergence,1760898086.961944,NEUTRAL,BEARISH,Decreasing,66.66666666666666,-0.7462351557605017
BOME,4h,SELL,80,0.001102,0.00105,Mixed signals with overbought RSI but improving MACD,1760899318.294568,NEUTRAL,BEARISH,Decreasing,67.5,-0.714706296170448
BOME,4h,SELL,80,0.0011,0.00104,Mixed signals with overbought RSI but improving MACD,1760901732.527723,NEUTRAL,BEARISH,Decreasing,65.85365853658537,-0.7063317749886175
BOME,4h,SELL,80,0.001101,0.00105,Mixed signals with overbought RSI but improving MACD,1760902963.689986,NEUTRAL,BEARISH,Decreasing,66.66666666666666,-0.6856771248303201
BOME,4h,SELL,80,0.001101,0.00104,Mixed signals with overbought RSI but improving MACD,1760905369.945775,NEUTRAL,BEARISH,Decreasing,65.11627906976744,-0.6721577929329088
BOME,4h,SELL,80,0.001101,0.00105,Mixed signals with overbought RSI but improving MACD,1760906815.954919,NEUTRAL,BEARISH,Decreasing,63.63636363636363,-0.6572209530899552
BOME,4h,NOTHING,60,0.001095,0.001063,Mixed signals with overbought RSI but improving MACD,1760910455.321385,NEUTRAL,BULLISH,Decreasing,62.22222222222222,-0.6429335410662605
BOME,4h,SELL,80,0.001098,0.00105,Mixed signals with overbought RSI but improving MACD,1760914101.174916,NEUTRAL,BEARISH,Decreasing,63.04347826086957,-0.6175956953950752
BOME,4h,BUY,65,0.001087,0.001075,MACD bullish momentum with RSI neutral and price above 20EMA,1760917744.64301,NEUTRAL,BULLISH,Decreasing,63.82978723404256,-0.6047291184076777
BOME,4h,NOTHING,60,0.001079,0.001062,"Mixed signals with RSI neutral, MACD improving but negative, and decreasing volume",1760925023.78314,SIDEWAYS,BULLISH,Decreasing,64.58333333333334,-0.5717354726928452
BOME,4h,NOTHING,55,0.001087,0.001062,Mixed signals with high RSI but improving MACD,1760928664.050303,NEUTRAL,BULLISH,Decreasing,63.26530612244898,-0.5750201744625392
BOME,4h,SELL,80,0.001103,0.001062,Mixed signals with overbought RSI but improving MACD,1760932312.101909,NEUTRAL,BEARISH,Decreasing,64.0,-0.5637452690809207
BOME,4h,NOTHING,60,0.00111,0.001065,Mixed signals with high RSI but improving MACD,1760935957.915027,NEUTRAL,BULLISH,Decreasing,64.70588235294117,-0.5529040139062876
BOME,4h,NOTHING,65,0.001112,0.00108,Mixed signals with high RSI but improving MACD,1760939597.429512,NEUTRAL,BULLISH,Decreasing,63.46153846153846,-0.5543705538444829
BOME,4h,SELL,80,0.001134,0.00108,Mixed signals with overbought RSI but improving MACD,1760943232.703947,NEUTRAL,BEARISH,Decreasing,64.15094339622641,-0.5441044324769925
BOME,4h,SELL,80,0.001125,0.001085,Mixed signals with overbought RSI but improving MACD,1760946869.566648,NEUTRAL,BEARISH,Decreasing,64.81481481481481,-0.5342116246137744
BOME,4h,NOTHING,60,0.001123,0.00105,Mixed signals with overbought RSI but improving MACD,1760950511.810629,VOLATILE_BREAKOUT,BULLISH,Decreasing,65.45454545454545,-0.5103864170313857
BOME,4h,SELL,80,0.001128,0.00105,Mixed signals with overbought RSI but improving MACD,1760954150.413591,VOLATILE_BREAKOUT,BEARISH,Decreasing,66.07142857142857,-0.4983078063812439
BOME,4h,SELL,80,0.00113,0.00107,Mixed signals with overbought RSI but improving MACD momentum,1760957784.315677,VOLATILE_BREAKOUT,BEARISH,Increasing,66.66666666666666,-0.489716292478119
BOME,4h,SELL,80,0.001131,0.001085,Mixed signals with overbought RSI but improving MACD,1760961417.934584,VOLATILE_BREAKOUT,BEARISH,Increasing,65.51724137931035,-0.4844158663419214
BOME,4h,BUY,75,0.00113,0.001125,MACD bullish crossover with rising volume and price above key EMAs,1760965050.60763,VOLATILE_BREAKOUT,BULLISH,Decreasing,64.40677966101694,-0.4778158907328336
BOME,4h,BUY,90,0.00114,0.001125,MACD bullish crossover with rising volume,1760968681.581963,VOLATILE_BREAKOUT,BULLISH,Increasing,65.0,-0.468532096208996
BOME,4h,SELL,80,0.001133,0.00108,"RSI overbought but MACD turning positive, conflicting signals",1760969315.879521,VOLATILE_BREAKOUT,BEARISH,Increasing,65.57377049180327,-0.4467016470409091
BOME,4h,SELL,80,0.001136,0.001085,Mixed signals with overbought RSI but MACD turning positive,1760972949.265694,VOLATILE_BREAKOUT,BEARISH,Increasing,64.51612903225806,-0.4493577334008836
BOME,4h,BUY,65,0.00111,0.001088,MACD turning positive with RSI neutral,1760976580.707995,VOLATILE_BREAKOUT,BULLISH,Decreasing,63.49206349206349,-0.4464628392390302
BOME,4h,NOTHING,55,0.001101,0.001075,"Mixed signals with RSI neutral, MACD weak, and volume decreasing",1760980212.879879,VOLATILE_BREAKOUT,SIDEWAYS,Decreasing,64.0625,-0.4035581441377784
BOME,4h,BUY,65,0.001103,0.001095,MACD bullish momentum with RSI neutral and price above 20EMA,1760983844.905998,VOLATILE_BREAKOUT,BULLISH,Decreasing,63.07692307692307,-0.40972863908737
BOME,4h,NOTHING,55,0.001102,0.001075,"Mixed signals with RSI neutral, MACD weak, and volume decreasing",1760987475.379067,VOLATILE_BREAKOUT,SIDEWAYS,Decreasing,63.63636363636363,-0.4036132862651705
BOME,4h,NOTHING,55,0.001115,0.00108,Mixed signals with high RSI but MACD turning positive,1760991107.175889,VOLATILE_BREAKOUT,BULLISH,Decreasing,62.68656716417911,-0.3990110589872858
BOME,4h,SELL,80,0.001131,0.00108,Mixed signals with overbought RSI but improving MACD,1760994738.611721,VOLATILE_BREAKOUT,BEARISH,Decreasing,63.23529411764706,-0.3932282900164556
BOME,4h,SELL,80,0.001119,0.001083,Mixed signals with overbought RSI but MACD turning positive,1760998369.38674,VOLATILE_BREAKOUT,BEARISH,Decreasing,63.76811594202898,-0.3876107430162205
BOME,4h,NOTHING,55,0.00111,0.001083,"Mixed signals with RSI neutral, MACD turning positive but volume decreasing",1761002000.306339,VOLATILE_BREAKOUT,BULLISH,Decreasing,64.28571428571429,-0.3670474077768197
BOME,4h,NOTHING,55,0.001107,0.001085,"Mixed signals with RSI neutral, MACD weak bullish but volume declining",1761005638.300861,VOLATILE_BREAKOUT,BULLISH,Decreasing,64.7887323943662,-0.3506882658519916
BOME,4h,NOTHING,55,0.001103,0.00108,"Mixed signals with RSI neutral, MACD weak bullish but low volume",1761009284.974817,WEAK_TREND,BULLISH,Decreasing,65.27777777777779,-0.3458843170047041
BOME,4h,NOTHING,55,0.001089,0.001085,"Mixed signals with RSI neutral, MACD fluctuating near zero",1761016567.167768,VOLATILE_BREAKOUT,SIDEWAYS,Increasing,65.75342465753424,-0.3412102046127486
BOME,4h,NOTHING,55,0.001075,0.001075,Mixed signals with neutral RSI and weak MACD momentum,1761020200.857773,VOLATILE_BREAKOUT,SIDEWAYS,Decreasing,66.21621621621621,-0.336660735217912
BOME,4h,NOTHING,55,0.001061,0.00104,Mixed signals with RSI neutral and MACD negative,1761023867.799822,VOLATILE_BREAKOUT,SIDEWAYS,Decreasing,66.66666666666666,-0.3322309887018868
BOME,4h,NOTHING,55,0.001062,0.00102,Mixed signals with RSI neutral and MACD negative,1761024843.286629,VOLATILE_BREAKOUT,SIDEWAYS,Decreasing,67.10526315789474,-0.3279163005369273
BOME,4h,NOTHING,55,0.001061,0.00104,"Mixed signals with RSI neutral, MACD negative, and price below key EMAs",1761026036.082539,VOLATILE_BREAKOUT,SIDEWAYS,Decreasing,67.53246753246754,-0.3237122454018384
BOME,4h,NOTHING,55,0.00106,0.00104,Mixed signals with RSI neutral and MACD bearish,1761026307.76946,VOLATILE_BREAKOUT,SIDEWAYS,Decreasing,67.94871794871796,-0.3196146220423215
BOME,4h,NOTHING,55,0.001064,0.00102,"Mixed signals with RSI neutral, MACD negative, and price below key EMAs",1761029951.699313,VOLATILE_BREAKOUT,SIDEWAYS,Decreasing,68.35443037974683,-0.3156194392667925
BOME,4h,NOTHING,55,0.001071,0.00105,Mixed signals with neutral RSI and conflicting MACD,1761033583.784309,VOLATILE_BREAKOUT,SIDEWAYS,Decreasing,68.75,-0.3117229029795481
BOME,4h,NOTHING,55,0.001056,0.00104,"Mixed signals with RSI neutral, MACD negative but improving, price below key EMAs",1761036069.642494,VOLATILE_BREAKOUT,SIDEWAYS,Decreasing,69.1358024691358,-0.3079214041627244
BOME,4h,NOTHING,55,0.001058,0.001033,"Mixed signals with RSI neutral, MACD negative, and price below key EMAs",1761039708.650562,VOLATILE_BREAKOUT,SIDEWAYS,Decreasing,69.51219512195121,-0.3042115077270289
BOME,4h,NOTHING,55,0.001067,0.001034,"Mixed signals with RSI neutral, MACD negative, and price below key EMAs",1761043340.325379,VOLATILE_BREAKOUT,SIDEWAYS,Decreasing,69.87951807228916,-0.30058994215885
BOME,4h,NOTHING,55,0.001068,0.001035,"Mixed signals with RSI neutral, MACD negative, and price below key EMAs",1761046971.995494,VOLATILE_BREAKOUT,SIDEWAYS,Decreasing,70.23809523809523,-0.2970535898981576
BOME,4h,NOTHING,55,0.00107,0.001034,Mixed signals with MACD negative but RSI neutral,1761050603.036408,VOLATILE_BREAKOUT,SIDEWAYS,Decreasing,70.58823529411765,-0.2935994783877139
BOME,4h,NOTHING,65,0.00106,0.00105,Mixed signals with neutral RSI and bearish MACD,1761053885.926652,VOLATILE_BREAKOUT,SIDEWAYS,Decreasing,70.93023255813954,-0.2902247717395793
BOME,4h,NOTHING,65,0.00107,0.00105,Mixed signals with neutral RSI and bearish MACD but price near EMAs,1761054077.183757,VOLATILE_BREAKOUT,SIDEWAYS,Decreasing,71.26436781609196,-0.2869267629698113
BOME,4h,NOTHING,65,0.001094,0.00105,Mixed signals with neutral RSI and bearish MACD but price near EMAs,1761057718.956883,VOLATILE_BREAKOUT,SIDEWAYS,Decreasing,71.5909090909091,-0.2837028667566674
BOME,4h,BUY,70,0.001111,0.00108,RSI neutral but MACD showing bullish momentum,1761058313.026209,VOLATILE_BREAKOUT,BULLISH,Decreasing,71.91011235955057,-0.2805506126815933
BOME,4h,BUY,75,0.001142,0.001096,RSI overbought but MACD turning bullish with strong breakout,1761061956.586765,VOLATILE_BREAKOUT,BULLISH,Decreasing,72.22222222222221,-0.2774676389158615
BOME,4h,BUY,75,0.001141,0.001134,MACD bullish crossover with RSI neutral,1761065592.976915,VOLATILE_BREAKOUT,BULLISH,Decreasing,72.52747252747253,-0.2441225664504414
BOME,4h,BUY,75,0.001125,0.00109,MACD bullish crossover with RSI neutral,1761069231.602833,VOLATILE_BREAKOUT,BULLISH,Decreasing,71.73913043478261,-0.242439159007487
BOME,4h,BUY,75,0.001121,0.001098,MACD bullish crossover with RSI neutral,1761072867.959375,VOLATILE_BREAKOUT,BULLISH,Decreasing,70.96774193548387,-0.2547778775594522
BOME,4h,BUY,75,0.001117,0.001092,MACD bullish crossover with RSI neutral,1761076509.779919,VOLATILE_BREAKOUT,BULLISH,Decreasing,70.2127659574468,-0.2558386952225689
BOME,4h,BUY,75,0.001099,0.001096,MACD turning bullish with RSI neutral,1761080152.856747,VOLATILE_BREAKOUT,BULLISH,Decreasing,69.47368421052632,-0.2568906282311876
BOME,4h,BUY,75,0.001098,0.001082,MACD bullish crossover with RSI neutral,1761083787.35444,VOLATILE_BREAKOUT,BULLISH,Decreasing,68.75,-0.2708552533616988
BOME,4h,BUY,75,0.001072,0.001066,RSI oversold with bullish MACD crossover,1761087426.121469,VOLATILE_BREAKOUT,BULLISH,Decreasing,68.04123711340206,-0.2690199121104267
BOME,4h,NOTHING,65,0.001057,0.00105,Mixed signals with RSI neutral but price below key EMAs,1761091074.665194,VOLATILE_BREAKOUT,SIDEWAYS,Decreasing,67.3469387755102,-0.2902211424144022
BOME,4h,NOTHING,65,0.001051,0.001035,Mixed signals with RSI neutral and MACD bearish,1761094716.152545,VOLATILE_BREAKOUT,SIDEWAYS,Decreasing,66.66666666666666,-0.301311468303691
BOME,4h,NOTHING,65,0.00105,0.001045,Mixed signals with neutral RSI and bearish MACD,1761098358.602616,VOLATILE_BREAKOUT,SIDEWAYS,Decreasing,67.0,-0.298328186439298
BOME,4h,NOTHING,65,0.001049,0.001045,Mixed signals with neutral RSI and bearish MACD,1761101998.42031,VOLATILE_BREAKOUT,SIDEWAYS,Decreasing,67.32673267326733,-0.2954034002977363
BOME,4h,NOTHING,65,0.001046,0.00104,Mixed signals with neutral RSI and bearish MACD,1761105641.675048,VOLATILE_BREAKOUT,SIDEWAYS,Decreasing,67.64705882352942,-0.2925354061200884
BOME,4h,NOTHING,65,0.001041,0.001038,Mixed signals with RSI neutral but price below EMAs,1761111642.095106,VOLATILE_BREAKOUT,SIDEWAYS,Decreasing,67.96116504854369,-0.289722565676626
BOME,4h,BUY,70,0.001044,0.001038,RSI oversold with bullish divergence forming,1761115283.671643,VOLATILE_BREAKOUT,BULLISH,Decreasing,68.26923076923077,-0.2869633031463724
BOME,4h,BUY,75,0.001044,0.001035,RSI oversold with price near Bollinger Band lower boundary,1761118926.190456,VOLATILE_BREAKOUT,BULLISH,Decreasing,68.57142857142857,-0.2842561021732934
BOME,4h,BUY,75,0.001041,0.001035,RSI oversold with price near recent lows,1761122569.886695,VOLATILE_BREAKOUT,BULLISH,Decreasing,67.9245283018868,-0.2815995030875617
BOME,4h,NOTHING,65,0.001052,0.001026,"RSI neutral, MACD bearish, price below key EMAs",1761145708.868735,VOLATILE_BREAKOUT,BEARISH,Decreasing,67.28971962616822,-0.2816528069648905
BOME,4h,NOTHING,65,0.00105,0.00102,"RSI oversold but MACD bearish, price below all EMAs",1761149347.676051,NEUTRAL,BEARISH,Decreasing,67.5925925925926,-0.2693745585265465
BOME,4h,NOTHING,65,0.001043,0.00102,RSI oversold but MACD bearish and price below all EMAs,1761152980.055759,NEUTRAL,BEARISH,Decreasing,67.88990825688074,-0.2669256989035778
BOME,4h,BUY,75,0.001035,0.001025,RSI oversold with price near Bollinger Band lower boundary,1761156618.388767,NEUTRAL,BULLISH,Decreasing,68.18181818181817,-0.2645209628774195
BOME,4h,BUY,75,0.001042,0.001025,RSI oversold and price near Bollinger Band lower boundary,1761160261.590198,NEUTRAL,BULLISH,Decreasing,68.46846846846847,-0.262159168566014
BOME,4h,BUY,75,0.001035,0.001025,RSI oversold with price near Bollinger Band lower boundary,1761163925.109594,VOLATILE_BREAKOUT,BULLISH,Decreasing,68.75,-0.2538539679378594
BOME,4h,BUY,90,0.000994,0.000991,RSI oversold with price near Bollinger Band lower boundary,1761167566.08277,VOLATILE_BREAKOUT,BULLISH,Decreasing,68.14159292035397,-0.2575200298751658
BOME,4h,BUY,90,0.000994,0.000991,RSI oversold with price below EMAs suggesting reversal potential,1761167665.974105,VOLATILE_BREAKOUT,BULLISH,Decreasing,67.54385964912281,-0.2897272701110758
BOME,4h,BUY,75,0.000996,0.000991,RSI oversold with price below EMAs suggesting reversal potential,1761171299.464752,VOLATILE_BREAKOUT,BULLISH,Decreasing,66.95652173913044,-0.2872296212308079
BOME,4h,BUY,90,0.000989,0.000977,RSI oversold with price below EMAs suggesting reversal potential,1761174931.981827,VOLATILE_BREAKOUT,BULLISH,Decreasing,67.24137931034483,-0.283054947173615
BOME,4h,BUY,75,0.00101,0.000994,RSI oversold with price near recent lows,1761178566.609807,VOLATILE_BREAKOUT,BULLISH,Decreasing,66.66666666666666,-0.2866122039346853
BOME,4h,BUY,75,0.001017,0.001006,RSI oversold with price near Bollinger Band lower boundary,1761182200.683153,VOLATILE_BREAKOUT,BULLISH,Decreasing,66.94915254237289,-0.2663603625050824
BOME,4h,BUY,75,0.001017,0.001006,RSI oversold with price near Bollinger Band lower boundary,1761185835.775593,VOLATILE_BREAKOUT,BULLISH,Decreasing,67.22689075630252,-0.2583651152597845
BOME,4h,NOTHING,65,0.001017,0.000995,"RSI oversold but MACD bearish, price below all EMAs",1761189469.037799,VOLATILE_BREAKOUT,BEARISH,Decreasing,66.66666666666666,-0.25622986637334
BOME,4h,BUY,75,0.001018,0.000988,RSI oversold with price near Bollinger Band lower boundary,1761193178.336119,VOLATILE_BREAKOUT,BULLISH,Decreasing,66.11570247933885,-0.2541296215670011
BOME,4h,BUY,75,0.001021,0.000989,RSI oversold with price near Bollinger Band lower boundary,1761196819.787216,VOLATILE_BREAKOUT,BULLISH,Decreasing,66.39344262295081,-0.2520635270827166
BOME,4h,BUY,75,0.001037,0.001015,RSI oversold with MACD showing bullish momentum,1761200456.313206,VOLATILE_BREAKOUT,BULLISH,Decreasing,66.66666666666666,-0.2476541802406305
BOME,4h,BUY,75,0.001035,0.001015,RSI oversold with bullish divergence forming,1761204089.971106,VOLATILE_BREAKOUT,BULLISH,Decreasing,66.93548387096774,-0.2331362181013499
BOME,4h,BUY,75,0.001044,0.001028,RSI oversold with bullish divergence forming,1761207729.63395,VOLATILE_BREAKOUT,BULLISH,Decreasing,66.4,-0.2328165975676746
BOME,4h,NOTHING,65,0.001042,0.001028,Mixed signals with neutral RSI and bearish MACD,1761211371.970778,VOLATILE_BREAKOUT,SIDEWAYS,Decreasing,66.66666666666666,-0.2241364257963439
BOME,4h,NOTHING,65,0.00106,0.001045,Mixed signals with oversold RSI but weak MACD and neutral price action,1761277162.35667,NEUTRAL,SIDEWAYS,Decreasing,66.14173228346458,-0.2238820074793884
BOME,4h,BUY,70,0.001082,0.001057,"MACD turning bullish with rising histogram, RSI neutral but improving",1761280798.307972,SIDEWAYS,BULLISH,Decreasing,66.40625,-0.2221464880415638
BOME,4h,BUY,70,0.001082,0.001057,MACD bullish crossover with rising histogram,1761284431.547751,SIDEWAYS,BULLISH,Decreasing,66.66666666666666,-0.2204376689027826
BOME,4h,BUY,70,0.001083,0.001057,MACD turning bullish with rising histogram and RSI neutral,1761288062.423175,SIDEWAYS,BULLISH,Decreasing,66.15384615384615,-0.2187549386058148
BOME,4h,BUY,70,0.001081,0.001058,MACD bullish convergence with RSI neutral,1761291695.610894,SIDEWAYS,BULLISH,Decreasing,66.41221374045801,-0.2163975417847519
BOME,4h,BUY,70,0.001083,0.001057,RSI neutral but MACD bullish momentum increasing,1761295327.714253,SIDEWAYS,BULLISH,Decreasing,65.9090909090909,-0.2161590054317303
BOME,4h,BUY,70,0.001079,0.001056,"MACD rising towards bullish crossover, RSI neutral but improving",1761298959.896003,SIDEWAYS,BULLISH,Decreasing,66.16541353383458,-0.2131651779580554
BOME,4h,BUY,75,0.001073,0.001058,"MACD rising toward bullish crossover, price above key EMAs",1761302591.316858,SIDEWAYS,BULLISH,Decreasing,65.67164179104478,-0.2143220611855197
BOME,4h,BUY,70,0.001065,0.001045,"MACD rising toward bullish crossover, RSI neutral-bullish",1761306224.753621,SIDEWAYS,BULLISH,Decreasing,65.18518518518519,-0.2168349168796594
BOME,4h,BUY,70,0.001081,0.001056,MACD bullish momentum with RSI neutral but improving,1761309858.401369,SIDEWAYS,BULLISH,Decreasing,64.70588235294117,-0.2206943201094886
BOME,4h,BUY,70,0.001067,0.001056,"MACD rising with bullish momentum, RSI neutral but price above key EMAs",1761313491.851273,SIDEWAYS,BULLISH,Decreasing,64.96350364963503,-0.2082085104141998
BOME,4h,BUY,75,0.001053,0.001045,"MACD bullish crossover forming, RSI neutral but improving",1761317124.852752,SIDEWAYS,BULLISH,Decreasing,64.4927536231884,-0.2160278530175862
BOME,4h,BUY,75,0.001056,0.001055,MACD bullish momentum with price above 20EMA,1761320757.106844,SIDEWAYS,BULLISH,Decreasing,64.02877697841727,-0.2238568681523449
BOME,4h,BUY,70,0.001051,0.001048,RSI neutral but MACD improving above signal line,1761324390.564149,VOLATILE_BREAKOUT,BULLISH,Decreasing,64.28571428571429,-0.2202486613931064
BOME,4h,BUY,75,0.001063,0.001055,MACD bullish convergence with RSI neutral but rising,1761328021.442397,VOLATILE_BREAKOUT,BULLISH,Decreasing,63.82978723404256,-0.2220320148233299
BOME,4h,BUY,75,0.001068,0.001055,"MACD rising toward bullish crossover, price above key EMAs",1761331652.25641,VOLATILE_BREAKOUT,BULLISH,Decreasing,64.08450704225352,-0.2124949395930844
BOME,4h,BUY,70,0.001079,0.001048,RSI neutral but MACD bullish crossover forming,1761335283.514722,NEUTRAL,BULLISH,Decreasing,64.33566433566433,-0.2077528435808323
BOME,4h,BUY,70,0.001083,0.00106,MACD turning bullish with RSI neutral,1761338914.292853,SIDEWAYS,BULLISH,Decreasing,64.58333333333334,-0.1992168753711956
BOME,4h,BUY,70,0.001083,0.001075,RSI neutral but MACD turning bullish above signal line,1761342545.587572,SIDEWAYS,BULLISH,Decreasing,64.82758620689654,-0.1953132418157376
BOME,4h,BUY,70,0.001085,0.001063,RSI neutral but MACD turning bullish with price above EMAs,1761346175.854481,SIDEWAYS,BULLISH,Decreasing,64.38356164383562,-0.193984580306787
BOME,4h,BUY,70,0.001081,0.001075,MACD turning bullish with RSI neutral but price above key EMAs,1761349813.378021,SIDEWAYS,BULLISH,Decreasing,64.62585034013605,-0.1914260885017893
BOME,4h,BUY,70,0.001076,0.001064,RSI neutral but MACD turning bullish above signal line,1761353456.516245,SIDEWAYS,BULLISH,Decreasing,64.1891891891892,-0.1926156019646636
BOME,4h,BUY,70,0.001076,0.001064,RSI overbought but MACD turning bullish with price above EMAs,1761357101.356593,SIDEWAYS,BULLISH,Decreasing,63.758389261744966,-0.1944150625522442
BOME,4h,BUY,75,0.001083,0.001065,RSI overbought but MACD turning bullish with price above EMAs,1761360744.398503,NEUTRAL,BULLISH,Decreasing,63.33333333333333,-0.1931275455816996
BOME,4h,BUY,70,0.001074,0.001063,RSI overbought but MACD turning bullish with price above key EMAs,1761364388.92589,SIDEWAYS,BULLISH,Decreasing,63.57615894039736,-0.1875769852764394
BOME,4h,SELL,80,0.001076,0.00105,"RSI overbought but MACD improving, conflicting signals",1761368033.395497,NEUTRAL,BEARISH,Decreasing,63.1578947368421,-0.1917825274037039
BOME,4h,BUY,75,0.001073,0.001065,RSI overbought but MACD turning bullish with price above EMAs,1761379688.396121,NEUTRAL,BULLISH,Decreasing,63.39869281045751,-0.1893279672303529
BOME,4h,BUY,75,0.001073,0.001065,RSI overbought but MACD turning bullish with price above EMAs,1761379696.22147,NEUTRAL,BULLISH,Decreasing,63.63636363636363,-0.1863026904433032
BOME,4h,BUY,90,0.001079,0.001065,MACD bullish crossover with RSI overbought but momentum intact,1761380949.106406,NEUTRAL,BULLISH,Decreasing,63.2258064516129,-0.185108442427641
BOME,4h,SELL,80,0.001075,0.001053,"RSI overbought but MACD improving, conflicting signals",1761384595.255883,NEUTRAL,BEARISH,Decreasing,63.46153846153846,-0.1803677525425942
BOME,4h,BUY,75,0.001066,0.001062,RSI overbought but MACD bullish convergence forming,1761388231.398901,NEUTRAL,BULLISH,Decreasing,63.05732484076433,-0.1815724732462846
BOME,4h,BUY,75,0.001068,0.001062,RSI overbought but MACD bullish convergence forming,1761391864.11594,NEUTRAL,BULLISH,Decreasing,63.29113924050633,-0.1751205855306101
BOME,4h,BUY,75,0.001074,0.001065,MACD bullish crossover with RSI neutral,1761395495.537284,SIDEWAYS,BULLISH,Decreasing,63.52201257861635,-0.172853473991119
BOME,4h,BUY,75,0.001073,0.001065,"MACD approaching bullish crossover, RSI neutral but price above EMAs",1761399127.754171,SIDEWAYS,BULLISH,Decreasing,63.74999999999999,-0.1682904228929816
BOME,4h,BUY,70,0.001076,0.001065,MACD bullish crossover with RSI neutral,1761402760.170643,SIDEWAYS,BULLISH,Decreasing,63.35403726708074,-0.1678263454038039
BOME,4h,BUY,70,0.001078,0.001065,MACD bullish crossover with RSI neutral,1761406392.622587,NEUTRAL,BULLISH,Decreasing,63.580246913580254,-0.1650814602494104
BOME,4h,BUY,90,0.001088,0.001069,MACD bullish crossover with RSI overbought but momentum intact,1761410023.670896,NEUTRAL,BULLISH,Decreasing,63.80368098159509,-0.1629414903335728
BOME,4h,BUY,75,0.00108,0.001068,MACD bullish crossover with RSI neutral,1761413662.953038,NEUTRAL,BULLISH,Decreasing,64.02439024390245,-0.1563318826055715
BOME,4h,BUY,90,0.001089,0.001075,MACD bullish crossover with RSI overbought but strong momentum,1761417307.891921,NEUTRAL,BULLISH,Decreasing,63.63636363636363,-0.1598196069130503
BOME,4h,BUY,90,0.001088,0.001069,MACD bullish crossover with rising volume,1761420950.458039,NEUTRAL,BULLISH,Decreasing,63.85542168674698,-0.1538725833187606
BOME,4h,BUY,85,0.001098,0.001072,MACD bullish crossover with rising price above EMAs,1761424593.696898,VOLATILE_BREAKOUT,BULLISH,Decreasing,63.47305389221557,-0.1535032665404026
BOME,4h,BUY,75,0.001093,0.001071,MACD bullish crossover with RSI neutral,1761428235.443423,VOLATILE_BREAKOUT,BULLISH,Decreasing,63.69047619047619,-0.1471563972291646
BOME,4h,BUY,75,0.001088,0.001071,MACD bullish crossover with RSI neutral,1761431877.286792,NEUTRAL,BULLISH,Decreasing,63.31360946745562,-0.1489694384583641
BOME,4h,BUY,75,0.001092,0.001071,RSI overbought but MACD bullish crossover with price above EMAs,1761435515.021424,VOLATILE_BREAKOUT,BULLISH,Decreasing,62.94117647058823,-0.1507734566055581
BOME,4h,BUY,75,0.001086,0.001072,MACD bullish crossover with price above 20EMA,1761439149.621543,VOLATILE_BREAKOUT,BULLISH,Decreasing,63.1578947368421,-0.1477593838414355
BOME,4h,BUY,75,0.001081,0.001062,MACD bullish crossover with price above key EMAs,1761442793.002916,VOLATILE_BREAKOUT,BULLISH,Decreasing,62.7906976744186,-0.1500812980935114
BOME,4h,BUY,75,0.001075,0.001071,MACD bullish crossover with price above 20EMA,1761446442.925846,VOLATILE_BREAKOUT,BULLISH,Decreasing,62.42774566473989,-0.1518647685443404
BOME,4h,BUY,75,0.00107,0.001065,MACD bullish and price above key EMAs,1761450086.744778,VOLATILE_BREAKOUT,BULLISH,Decreasing,62.06896551724138,-0.1541686363133561
BOME,4h,BUY,75,0.001074,0.001069,MACD bullish crossover with price above key EMAs,1761453729.998903,NEUTRAL,BULLISH,Decreasing,61.71428571428571,-0.155935384283563
BOME,4h,BUY,75,0.001078,0.001072,MACD bullish crossover with price above key EMAs,1761457369.519587,NEUTRAL,BULLISH,Decreasing,61.93181818181818,-0.1529423494813907
BOME,4h,BUY,75,0.001078,0.001072,MACD bullish crossover with price above key EMAs,1761461004.791992,NEUTRAL,BULLISH,Decreasing,62.14689265536724,-0.1499907661776485
BOME,4h,BUY,75,0.001083,0.001072,MACD bullish crossover with price above key EMAs,1761464642.610609,VOLATILE_BREAKOUT,BULLISH,Decreasing,61.79775280898876,-0.1491528289364326
BOME,4h,BUY,75,0.00109,0.001085,RSI neutral but MACD bullish crossover with price above EMAs,1761468286.807761,NEUTRAL,BULLISH,Decreasing,62.01117318435754,-0.145747413817934
BOME,4h,BUY,75,0.001102,0.001085,RSI neutral but MACD bullish crossover with price above EMAs,1761471929.848352,VOLATILE_BREAKOUT,BULLISH,Decreasing,62.22222222222222,-0.1413711699630556
BOME,4h,BUY,75,0.001105,0.001085,RSI neutral but MACD bullish crossover with price above EMAs,1761475566.102609,VOLATILE_BREAKOUT,BULLISH,Decreasing,62.430939226519335,-0.134545408418244
BOME,4h,BUY,75,0.00112,0.001085,MACD bullish crossover with RSI neutral,1761479207.346861,VOLATILE_BREAKOUT,BULLISH,Decreasing,62.63736263736264,-0.132322579383717
BOME,4h,BUY,75,0.001118,0.001085,MACD bullish crossover with price above key EMAs,1761482847.926935,VOLATILE_BREAKOUT,BULLISH,Decreasing,62.841530054644814,-0.1242259019775643
BOME,4h,BUY,75,0.001125,0.001085,MACD bullish crossover with RSI neutral and price above EMAs,1761486480.031573,VOLATILE_BREAKOUT,BULLISH,Decreasing,62.5,-0.1245196615807743
BOME,4h,BUY,75,0.001116,0.001085,MACD bullish crossover with price above key EMAs,1761490112.988146,VOLATILE_BREAKOUT,BULLISH,Decreasing,62.70270270270271,-0.1204839748627136
BOME,4h,BUY,75,0.001118,0.001085,MACD bullish crossover with price above key EMAs,1761493745.748747,VOLATILE_BREAKOUT,BULLISH,Decreasing,62.36559139784946,-0.124117750398207
BOME,4h,BUY,75,0.001115,0.001085,RSI overbought but MACD bullish crossover with price above EMAs,1761497377.900655,VOLATILE_BREAKOUT,BULLISH,Decreasing,62.56684491978609,-0.122504297100695
BOME,4h,BUY,75,0.001114,0.001085,RSI overbought but MACD bullish and price above EMAs,1761501017.515609,VOLATILE_BREAKOUT,BULLISH,Decreasing,62.23404255319149,-0.1232758950781936
BOME,4h,BUY,75,0.001116,0.001085,RSI overbought but MACD bullish and price above EMAs,1761504662.713725,VOLATILE_BREAKOUT,BULLISH,Decreasing,61.90476190476191,-0.1230991066759648
BOME,4h,BUY,90,0.001139,0.001085,RSI overbought but MACD bullish with price above EMAs,1761525850.422008,VOLATILE_BREAKOUT,BULLISH,Decreasing,62.10526315789474,-0.1215146442659099
BOME,4h,BUY,90,0.001142,0.001085,RSI overbought but MACD bullish with price above all EMAs,1761528071.489275,VOLATILE_BREAKOUT,BULLISH,Decreasing,62.30366492146597,-0.1101477351830583
BOME,4h,BUY,90,0.001143,0.001115,RSI overbought but strong bullish momentum with MACD rising,1761528726.14648,VOLATILE_BREAKOUT,BULLISH,Decreasing,62.5,-0.1082123120076818
BOME,4h,BUY,90,0.001147,0.001085,RSI overbought but MACD bullish crossover with price above EMAs,1761529389.277393,VOLATILE_BREAKOUT,BULLISH,Decreasing,62.69430051813472,-0.1072031471300356
BOME,4h,BUY,90,0.001151,0.00113,RSI overbought but MACD bullish with price above all EMAs,1761531157.091815,VOLATILE_BREAKOUT,BULLISH,Decreasing,62.88659793814433,-0.1048587399372248
BOME,4h,BUY,90,0.00114,0.001085,RSI overbought but MACD bullish with price above EMAs in breakout regime,1761536283.104877,VOLATILE_BREAKOUT,BULLISH,Decreasing,63.07692307692307,-0.102544481914041
BOME,4h,BUY,90,0.001142,0.001098,RSI overbought but strong momentum with MACD bullish and price above all EMAs,1761539934.588506,VOLATILE_BREAKOUT,BULLISH,Decreasing,62.755102040816325,-0.1068751733953701
BOME,4h,SELL,80,0.00116,0.00114,RSI overbought but MACD remains bullish,1761543585.009207,VOLATILE_BREAKOUT,BEARISH,Decreasing,62.94416243654823,-0.1054493462747307
BOME,4h,BUY,90,0.00115,0.001139,RSI overbought but MACD bullish crossover with price above EMAs,1761547229.658219,VOLATILE_BREAKOUT,BULLISH,Decreasing,63.13131313131313,-0.0969989368130364
BOME,4h,BUY,75,0.001132,0.001097,RSI overbought but MACD bullish with price above EMAs,1761550877.315635,VOLATILE_BREAKOUT,BULLISH,Decreasing,63.31658291457286,-0.0921661160420147
BOME,4h,BUY,75,0.001128,0.001121,RSI overbought but MACD bullish and price above key EMAs,1761554523.416476,NEUTRAL,BULLISH,Decreasing,63.0,-0.0994947293517776
BOME,4h,BUY,75,0.001114,0.00109,MACD bullish and price above key EMAs,1761558161.800772,SIDEWAYS,BULLISH,Decreasing,62.68656716417911,-0.1007514727235973
BOME,4h,BUY,75,0.001109,0.001098,MACD bullish and price above key EMAs,1761561801.240978,SIDEWAYS,BULLISH,Decreasing,62.37623762376238,-0.1063691243445306
BOME,4h,BUY,75,0.001113,0.0011,RSI neutral but MACD bullish and price above key EMAs,1761565440.257671,SIDEWAYS,BULLISH,Decreasing,62.06896551724138,-0.1080478690002501
BOME,4h,BUY,75,0.001102,0.001098,RSI neutral but MACD bullish and price above key EMAs,1761569080.184875,SIDEWAYS,BULLISH,Decreasing,62.25490196078432,-0.1057613657267174
BOME,4h,BUY,75,0.001095,0.001088,RSI neutral but MACD bullish and price above key EMAs,1761572719.002572,SIDEWAYS,BULLISH,Decreasing,61.95121951219512,-0.1100456302437935
BOME,4h,BUY,75,0.001095,0.001088,RSI neutral but MACD bullish and price above key EMAs,1761576358.677798,SIDEWAYS,BULLISH,Decreasing,61.6504854368932,-0.112582649959687
BOME,4h,BUY,75,0.001102,0.001088,RSI neutral but MACD bullish and price above key EMAs,1761580008.180458,SIDEWAYS,BULLISH,Decreasing,61.35265700483091,-0.1120413872194962
BOME,4h,BUY,70,0.001113,0.0011,RSI neutral but MACD bullish crossover forming above signal line,1761583658.794554,NEUTRAL,BULLISH,Decreasing,61.53846153846154,-0.1084465987333136
BOME,4h,BUY,70,0.001086,0.00108,RSI neutral but MACD bullish crossover forming,1761625846.171341,SIDEWAYS,BULLISH,Decreasing,61.72248803827751,-0.1031769238918819
BOME,4h,BUY,70,0.001087,0.00108,RSI neutral but MACD bullish crossover forming,1761629497.695776,SIDEWAYS,BULLISH,Decreasing,61.42857142857143,-0.1141849764363833
BOME,4h,NOTHING,65,0.001077,0.001094,Mixed signals with neutral RSI and declining MACD,1761633146.873247,SIDEWAYS,SIDEWAYS,Decreasing,61.61137440758294,-0.1132120235696666
BOME,4h,NOTHING,65,0.001097,0.00108,Mixed signals in sideways market,1761634765.252217,SIDEWAYS,SIDEWAYS,Decreasing,61.32075471698113,-0.1169995877851702
BOME,4h,NOTHING,65,0.001084,0.00108,Mixed signals with neutral RSI and declining MACD,1761638407.146746,SIDEWAYS,SIDEWAYS,Decreasing,61.502347417840376,-0.1164528607394451
BOME,4h,NOTHING,65,0.001092,0.001085,"RSI neutral, MACD flat, price consolidating near EMAs",1761642041.797991,SIDEWAYS,SIDEWAYS,Decreasing,61.6822429906542,-0.1159112195267035
BOME,4h,NOTHING,65,0.00109,0.00108,Mixed signals with neutral RSI and declining MACD,1761645675.311559,SIDEWAYS,SIDEWAYS,Decreasing,61.86046511627907,-0.1153745935103762
BOME,4h,NOTHING,65,0.001091,0.001075,Mixed signals with neutral RSI and declining MACD,1761649311.115892,SIDEWAYS,SIDEWAYS,Decreasing,62.03703703703704,-0.1148429133559505
BOME,4h,NOTHING,65,0.00109,0.001085,"RSI neutral, MACD declining but no crossover, price consolidating near EMAs",1761652949.774377,SIDEWAYS,SIDEWAYS,Decreasing,62.21198156682027,-0.1143161110011067
BOME,4h,NOTHING,65,0.001099,0.001085,Mixed signals with RSI neutral and MACD flat,1761656585.945189,SIDEWAYS,SIDEWAYS,Decreasing,62.38532110091744,-0.1137941196266724
BOME,4h,BUY,90,0.001042,0.001023,RSI oversold with MACD near bullish crossover,1761691192.980795,NEUTRAL,BULLISH,Decreasing,62.55707762557078,-0.1132768736283693
BOME,4h,NOTHING,65,0.000819,0.000815,Mixed signals with neutral RSI and MACD convergence,1762393993.337456,VOLATILE_BREAKOUT,SIDEWAYS,Increasing,62.27272727272727,-0.1127643085893269
BOME,4h,BUY,75,0.000825,0.000815,MACD turning bullish with rising volume in volatile breakout,1762399824.089176,VOLATILE_BREAKOUT,BULLISH,Increasing,61.99095022624434,-0.2086579451789153
BOME,4h,NOTHING,65,0.000825,0.000815,Mixed signals with neutral RSI and weak MACD momentum,1762403471.601303,VOLATILE_BREAKOUT,SIDEWAYS,Decreasing,62.16216216216216,-0.207722259326095
BOME,4h,NOTHING,65,0.000816,0.000815,Mixed signals with neutral RSI and bearish MACD,1762406792.855353,VOLATILE_BREAKOUT,SIDEWAYS,Decreasing,61.88340807174888,-0.2067949278112464
BOME,4h,NOTHING,65,0.000814,0.000807,Mixed signals with neutral RSI and declining MACD,1762410443.270373,VOLATILE_BREAKOUT,SIDEWAYS,Decreasing,62.05357142857143,-0.2058758392431964
BOME,4h,BUY,80,0.000784,0.000785,RSI oversold but no bullish confirmation signals,1762445955.264911,NEUTRAL,BULLISH,Decreasing,62.22222222222222,-0.2049648842022973
BOME,4h,BUY,75,0.000793,0.000777,RSI oversold with price near recent lows,1762449573.243003,NEUTRAL,BULLISH,Decreasing,61.94690265486725,-0.2040619551970008
BOME,4h,BUY,75,0.0008,0.000782,RSI oversold with price near recent lows,1762451669.701449,NEUTRAL,BULLISH,Decreasing,62.11453744493392,-0.1981320379212532
BOME,4h,BUY,75,0.000811,0.000785,RSI oversold with bullish MACD divergence,1762455314.669063,NEUTRAL,BULLISH,Decreasing,62.28070175438597,-0.1934121432860359
BOME,4h,BUY,75,0.00081,0.000785,RSI oversold with bullish MACD divergence,1762458967.001027,NEUTRAL,BULLISH,Decreasing,62.44541484716157,-0.1865929600543575
BOME,4h,BUY,75,0.000811,0.000805,"RSI oversold, MACD improving, price near support",1762462621.248269,NEUTRAL,BULLISH,Decreasing,62.17391304347826,-0.1863189843063681
BOME,4h,BUY,75,0.000816,0.000805,RSI near oversold with MACD showing bullish momentum,1762466275.694978,NEUTRAL,BULLISH,Decreasing,62.33766233766234,-0.1849837438993429
BOME,4h,BUY,75,0.000813,0.0008,RSI oversold with bullish MACD divergence,1762468488.398415,NEUTRAL,BULLISH,Decreasing,62.5,-0.1815438016021612
BOME,4h,BUY,75,0.000808,0.0008,RSI oversold with MACD showing bullish momentum,1762472123.642972,NEUTRAL,BULLISH,Decreasing,62.231759656652365,-0.1823391146672097
BOME,4h,BUY,75,0.000825,0.000815,MACD turning bullish with rising volume,1762475773.337435,WEAK_TREND,BULLISH,Increasing,61.965811965811966,-0.1841802509880365
BOME,4h,BUY,75,0.000828,0.000815,MACD turning bullish with rising volume,1762479430.674299,WEAK_TREND,BULLISH,Increasing,62.12765957446808,-0.1744847397718177
BOME,4h,BUY,75,0.000842,0.000815,MACD turning bullish with rising RSI and price above 20EMA,1762483080.665356,NEUTRAL,BULLISH,Increasing,62.28813559322034,-0.1722141865928803
BOME,4h,BUY,75,0.000843,0.000815,MACD turning bullish with rising volume,1762486730.599612,NEUTRAL,BULLISH,Increasing,62.447257383966246,-0.1643863065818234
BOME,4h,BUY,75,0.000837,0.000815,MACD bullish crossover with rising histogram,1762490385.167473,WEAK_TREND,BULLISH,Decreasing,62.60504201680672,-0.1632015737274822
BOME,4h,BUY,75,0.00085,0.000835,MACD bullish momentum with price above 20EMA,1762494036.154591,SIDEWAYS,BULLISH,Decreasing,62.34309623430963,-0.1654871662212927
BOME,4h,BUY,75,0.000854,0.000835,MACD bullish crossover with rising histogram,1762497669.384996,SIDEWAYS,BULLISH,Decreasing,62.5,-0.1583558249950836
BOME,4h,BUY,75,0.000852,0.000835,MACD bullish momentum with price above 20EMA,1762501313.025432,SIDEWAYS,BULLISH,Decreasing,62.65560165975104,-0.1557568825971943
BOME,4h,BUY,75,0.000858,0.000843,MACD bullish momentum with price above key EMAs,1762504950.139584,WEAK_TREND,BULLISH,Decreasing,62.39669421487604,-0.1560796610123117
BOME,4h,BUY,70,0.000846,0.000825,RSI neutral but MACD turning bullish with price above 20EMA,1762508585.777195,WEAK_TREND,BULLISH,Decreasing,62.55144032921811,-0.1525538207945864
BOME,4h,BUY,75,0.000855,0.000825,MACD bullish momentum with price above 20EMA,1762512222.38985,WEAK_TREND,BULLISH,Decreasing,62.29508196721312,-0.1576397292754305
BOME,4h,BUY,70,0.000841,0.000815,"MACD bullish divergence forming, RSI neutral but improving",1762515853.815186,SIDEWAYS,BULLISH,Decreasing,62.44897959183674,-0.1526744060375871
BOME,4h,BUY,70,0.000826,0.000826,MACD bullish convergence with price near 20EMA support,1762519488.534063,SIDEWAYS,BULLISH,Decreasing,62.19512195121951,-0.1586855497402074
BOME,4h,BUY,70,0.000841,0.000825,MACD bullish momentum with price above 20EMA,1762523130.52351,SIDEWAYS,BULLISH,Decreasing,61.943319838056674,-0.165237587697461
BOME,4h,BUY,75,0.000854,0.000843,MACD bullish momentum with price above 20EMA,1762526771.796367,SIDEWAYS,BULLISH,Decreasing,62.096774193548384,-0.157280888029841
BOME,4h,BUY,75,0.000874,0.000845,MACD bullish momentum with price above 20EMA,1762530411.614911,WEAK_TREND,BULLISH,Decreasing,62.24899598393574,-0.1504686491388393
BOME,4h,BUY,90,0.000923,0.00085,RSI overbought but MACD bullish crossover with price above EMAs,1762534047.185514,VOLATILE_BREAKOUT,BULLISH,Decreasing,62.4,-0.1405388123904484
BOME,4h,BUY,90,0.000969,0.000882,RSI overbought but strong bullish momentum with MACD improving,1762537683.551837,VOLATILE_BREAKOUT,BULLISH,Increasing,62.54980079681275,-0.1177334705847146
BOME,4h,BUY,90,0.000991,0.00086,RSI overbought but strong bullish momentum with MACD turning positive,1762541318.329171,VOLATILE_BREAKOUT,BULLISH,Increasing,62.698412698412696,-0.0975695096507019
BOME,4h,BUY,90,0.000978,0.000882,RSI overbought but MACD turning bullish with strong breakout,1762544953.305959,VOLATILE_BREAKOUT,BULLISH,Increasing,62.845849802371546,-0.0882468665538673
BOME,4h,BUY,90,0.000981,0.00095,RSI overbought but MACD bullish crossover with strong momentum,1762548587.828989,VOLATILE_BREAKOUT,BULLISH,Decreasing,62.59842519685039,-0.0930451386705453
BOME,4h,BUY,90,0.00099,0.000976,RSI overbought but MACD bullish crossover with strong momentum,1762552224.029284,VOLATILE_BREAKOUT,BULLISH,Decreasing,62.74509803921568,-0.0914834449012944
BOME,4h,BUY,90,0.00099,0.000976,RSI overbought but MACD bullish crossover with strong momentum,1762555858.293345,VOLATILE_BREAKOUT,BULLISH,Decreasing,62.890625,-0.0875577070119487
BOME,4h,BUY,90,0.000969,0.000945,RSI overbought but MACD bullish crossover with strong momentum,1762559504.98594,VOLATILE_BREAKOUT,BULLISH,Decreasing,62.64591439688716,-0.087218336054538
BOME,4h,BUY,85,0.000966,0.000878,MACD bullish crossover with high RSI momentum,1762563149.716762,VOLATILE_BREAKOUT,BULLISH,Decreasing,62.4031007751938,-0.0950715939122893
BOME,4h,BUY,90,0.000971,0.000949,RSI overbought but MACD bullish crossover with price above EMAs,1762566801.508652,VOLATILE_BREAKOUT,BULLISH,Decreasing,62.16216216216216,-0.0958966936403952
BOME,4h,BUY,90,0.000971,0.000949,MACD bullish crossover with RSI overbought but strong momentum,1762570455.340333,VOLATILE_BREAKOUT,BULLISH,Decreasing,62.30769230769231,-0.0935461379418293
BOME,4h,BUY,75,0.00084,0.000815,RSI oversold with bullish MACD divergence,1763186870.233555,VOLATILE_BREAKOUT,BULLISH,Decreasing,62.06896551724138,-0.093189091613807
BOME,4h,BUY,75,0.000841,0.0008,RSI oversold with bullish MACD divergence,1763190523.524555,VOLATILE_BREAKOUT,BULLISH,Decreasing,61.832061068702295,-0.1441322742996939
BOME,4h,BUY,75,0.000834,0.000815,RSI oversold with bullish MACD convergence,1763194164.721377,VOLATILE_BREAKOUT,BULLISH,Decreasing,61.97718631178707,-0.1431353807642874
BOME,4h,BUY,75,0.000825,0.000819,RSI oversold with bullish divergence forming,1763197807.960002,VOLATILE_BREAKOUT,BULLISH,Decreasing,61.74242424242424,-0.1457361621556105
BOME,4h,BUY,75,0.000823,0.000819,RSI oversold with MACD showing bullish momentum,1763201448.153614,VOLATILE_BREAKOUT,BULLISH,Decreasing,61.50943396226415,-0.1492451866988131
BOME,4h,NOTHING,65,0.000829,0.000785,Mixed signals with oversold RSI but bearish EMA alignment,1763205085.224963,VOLATILE_BREAKOUT,BEARISH,Decreasing,61.278195488721806,-0.1495941719262492
BOME,4h,BUY,75,0.000826,0.000815,RSI oversold with MACD converging bullish,1763208722.130015,VOLATILE_BREAKOUT,BULLISH,Decreasing,61.42322097378277,-0.1463156858473999
BOME,4h,BUY,75,0.000834,0.000815,RSI oversold with MACD turning bullish,1763212358.350977,VOLATILE_BREAKOUT,BULLISH,Decreasing,61.56716417910447,-0.1457717613646958
BOME,4h,BUY,75,0.000835,0.000815,RSI oversold with MACD turning bullish,1763215994.800777,VOLATILE_BREAKOUT,BULLISH,Decreasing,61.71003717472119,-0.141644743721044
BOME,4h,BUY,75,0.000834,0.00082,RSI oversold with MACD turning bullish,1763219637.376119,VOLATILE_BREAKOUT,BULLISH,Decreasing,61.85185185185185,-0.1406796189222999
BOME,4h,BUY,75,0.000826,0.000825,RSI oversold with MACD turning bullish,1763223287.175217,VOLATILE_BREAKOUT,BULLISH,Decreasing,61.62361623616236,-0.1406027103197985
BOME,4h,BUY,75,0.00083,0.000823,RSI oversold with MACD turning bullish,1763226936.496155,VOLATILE_BREAKOUT,BULLISH,Decreasing,61.39705882352941,-0.1436013546552896
BOME,4h,BUY,75,0.000838,0.000823,RSI oversold with MACD turning bullish,1763230585.222675,VOLATILE_BREAKOUT,BULLISH,Decreasing,61.53846153846154,-0.1413098843784066
BOME,4h,BUY,75,0.000834,0.000823,RSI oversold with MACD turning bullish,1763234234.08232,VOLATILE_BREAKOUT,BULLISH,Decreasing,61.67883211678832,-0.1372911014472605
BOME,4h,BUY,75,0.000828,0.000825,RSI near oversold with MACD showing bullish momentum,1763237882.50147,NEUTRAL,BULLISH,Decreasing,61.45454545454545,-0.1385231154600376
BOME,4h,BUY,75,0.000826,0.00082,RSI oversold with MACD showing early bullish momentum,1763241531.076323,NEUTRAL,BULLISH,Decreasing,61.23188405797102,-0.1406202322288883
BOME,4h,BUY,75,0.000817,0.000815,RSI oversold with MACD turning bullish,1763245170.878386,VOLATILE_BREAKOUT,BULLISH,Decreasing,61.01083032490975,-0.1409832741766973
BOME,4h,BUY,75,0.000824,0.000813,RSI oversold with MACD turning bullish,1763248805.180986,NEUTRAL,BULLISH,Decreasing,60.79136690647482,-0.1443832924689814
BOME,4h,BUY,70,0.000819,0.000816,MACD turning bullish with RSI neutral but improving,1763252441.85068,VOLATILE_BREAKOUT,BULLISH,Decreasing,60.93189964157706,-0.140807662332825
BOME,4h,NOTHING,65,0.000819,0.000815,Mixed signals with neutral RSI and weak MACD,1763256087.265717,VOLATILE_BREAKOUT,SIDEWAYS,Decreasing,60.71428571428571,-0.142465984233793
BOME,4h,NOTHING,65,0.000819,0.000815,Mixed signals with neutral RSI and weak MACD momentum,1763259735.951176,VOLATILE_BREAKOUT,SIDEWAYS,Decreasing,60.4982206405694,-0.1419607857081413
BOME,4h,NOTHING,65,0.000825,0.000838,Mixed signals with neutral RSI and weak MACD momentum,1763263828.428016,VOLATILE_BREAKOUT,SIDEWAYS,Decreasing,60.63829787234043,-0.1414591574900913
BOME,4h,NOTHING,65,0.000821,0.000815,Mixed signals with neutral RSI and weak MACD convergence,1763267484.939774,VOLATILE_BREAKOUT,SIDEWAYS,Decreasing,60.7773851590106,-0.1409610618651262
BOME,4h,NOTHING,65,0.000823,0.000815,Mixed signals with neutral RSI and weak MACD,1763291231.195771,VOLATILE_BREAKOUT,SIDEWAYS,Decreasing,60.91549295774647,-0.1404664616480556
BOME,4h,NOTHING,65,0.000812,0.0008,Mixed signals with neutral RSI and weak MACD,1763294877.61322,VOLATILE_BREAKOUT,SIDEWAYS,Decreasing,61.05263157894737,-0.1399753201737617
BOME,4h,NOTHING,65,0.000806,0.0008,Mixed signals with neutral RSI and bearish EMA alignment,1763298519.502154,VOLATILE_BREAKOUT,SIDEWAYS,Decreasing,61.18881118881119,-0.1394876012881389
BOME,4h,NOTHING,65,0.000801,0.000796,Mixed signals with neutral RSI and bearish MACD,1763302156.332683,VOLATILE_BREAKOUT,SIDEWAYS,Decreasing,61.32404181184668,-0.1390032693392217
BOME,4h,NOTHING,65,0.000805,0.000796,Mixed signals with neutral RSI and weak MACD,1763305799.703019,VOLATILE_BREAKOUT,SIDEWAYS,Decreasing,61.458333333333336,-0.1385222891684977
BOME,4h,NOTHING,65,0.000786,0.00078,Mixed signals with neutral RSI and bearish MACD,1763309448.216488,VOLATILE_BREAKOUT,SIDEWAYS,Decreasing,61.5916955017301,-0.1380446261023995
BOME,4h,NOTHING,65,0.000769,0.000768,Mixed signals with oversold RSI but bearish MACD and price below EMAs,1763313096.650382,VOLATILE_BREAKOUT,BEARISH,Decreasing,61.72413793103448,-0.137570245943972
BOME,4h,NOTHING,65,0.000782,0.00078,Mixed signals with neutral RSI but bearish MACD,1763316744.657484,VOLATILE_BREAKOUT,SIDEWAYS,Decreasing,61.855670103092784,-0.1370991149647118
BOME,4h,NOTHING,65,0.000772,0.000823,Mixed signals with oversold RSI but bearish MACD and price below EMAs,1763320392.693997,VOLATILE_BREAKOUT,BEARISH,Decreasing,61.98630136986301,-0.1366311998965728
BOME,4h,BUY,75,0.000773,0.000768,RSI oversold below 35 with price near recent lows,1763324045.986469,NEUTRAL,BULLISH,Decreasing,62.116040955631405,-0.1361664679241355
BOME,4h,BUY,90,0.000764,0.000763,RSI oversold with price near lower Bollinger Band,1763327694.715322,VOLATILE_BREAKOUT,BULLISH,Decreasing,62.24489795918368,-0.1357048866769351
BOME,4h,BUY,75,0.000767,0.00076,RSI oversold with price below all EMAs suggesting reversal potential,1763331346.313049,NEUTRAL,BULLISH,Decreasing,62.03389830508475,-0.1391798531230328
BOME,4h,BUY,75,0.000778,0.00076,RSI oversold and price near lower Bollinger Band,1763334994.844891,NEUTRAL,BULLISH,Decreasing,62.16216216216216,-0.1373891123479786
BOME,4h,NOTHING,65,0.000776,0.00076,RSI oversold but MACD bearish and price below all EMAs,1763338645.288338,VOLATILE_BREAKOUT,BEARISH,Decreasing,62.2895622895623,-0.1321154607586307
BOME,4h,NOTHING,65,0.000787,0.000772,Mixed signals with RSI neutral and MACD bearish,1763342294.769984,VOLATILE_BREAKOUT,BEARISH,Decreasing,62.08053691275168,-0.1325333669391716
BOME,4h,NOTHING,65,0.000787,0.000772,"RSI neutral, MACD bearish but no crossover, price below key EMAs",1763345940.190625,VOLATILE_BREAKOUT,BEARISH,Decreasing,62.207357859531776,-0.1320915890493744
BOME,4h,NOTHING,65,0.000796,0.00078,Mixed signals with neutral RSI and bearish MACD,1763349585.233308,NEUTRAL,BEARISH,Decreasing,62.33333333333333,-0.1316527465608383
BOME,4h,NOTHING,65,0.000798,0.000785,Mixed signals with neutral RSI and weak MACD,1763353236.837098,NEUTRAL,SIDEWAYS,Decreasing,62.45847176079734,-0.1312168103139481
BOME,4h,NOTHING,65,0.000797,0.00078,Mixed signals with neutral RSI and flat MACD,1763356923.783286,NEUTRAL,SIDEWAYS,Decreasing,62.58278145695364,-0.1307837515340341
BOME,4h,NOTHING,65,0.000798,0.000795,Mixed signals with neutral RSI and flat MACD,1763360600.822954,NEUTRAL,SIDEWAYS,Decreasing,62.70627062706271,-0.1303535418250405
BOME,4h,NOTHING,65,0.000806,0.000795,Mixed signals in sideways market,1763364250.531859,SIDEWAYS,SIDEWAYS,Decreasing,62.82894736842105,-0.1299261531633191
BOME,4h,BUY,75,0.000805,0.000795,RSI oversold with MACD turning bullish,1763367900.461131,SIDEWAYS,BULLISH,Decreasing,62.95081967213115,-0.1295015578915435
BOME,4h,BUY,75,0.000806,0.000795,RSI near oversold with MACD turning bullish,1763371541.128947,SIDEWAYS,BULLISH,Decreasing,63.0718954248366,-0.1290797287127437
BOME,4h,BUY,75,0.000808,0.000795,RSI oversold with MACD turning bullish,1763375185.069217,SIDEWAYS,BULLISH,Decreasing,63.19218241042345,-0.1282573152997658
BOME,4h,BUY,75,0.000805,0.000795,RSI oversold with MACD turning bullish,1763378829.576469,SIDEWAYS,BULLISH,Increasing,63.31168831168831,-0.1270392043835323
BOME,4h,BUY,75,0.000802,0.000795,RSI oversold with MACD turning bullish,1763382464.329717,SIDEWAYS,BULLISH,Decreasing,63.10679611650486,-0.127827100913627
BOME,4h,BUY,75,0.000795,0.000772,RSI oversold with MACD turning bullish,1763386107.240884,NEUTRAL,BULLISH,Decreasing,62.903225806451616,-0.1286143797127903
BOME,4h,NOTHING,65,0.000781,0.00077,RSI oversold but price below all EMAs and weak trend,1763389747.754061,WEAK_TREND,SIDEWAYS,Decreasing,62.70096463022507,-0.1309996475826602
BOME,4h,BUY,75,0.000793,0.000772,RSI oversold with MACD showing early bullish momentum,1763393396.932367,WEAK_TREND,BULLISH,Increasing,62.5,-0.1362073365338599
BOME,4h,BUY,75,0.000779,0.000772,RSI oversold with MACD showing bullish momentum,1763397048.187028,WEAK_TREND,BULLISH,Decreasing,62.61980830670927,-0.135773555207319
BOME,4h,BUY,75,0.000781,0.00077,RSI oversold with MACD showing bullish momentum,1763400696.545495,WEAK_TREND,BULLISH,Decreasing,62.42038216560509,-0.1409471238164609
BOME,4h,BUY,90,0.000757,0.000756,RSI oversold with bullish MACD divergence,1763404345.81768,VOLATILE_BREAKOUT,BULLISH,Decreasing,62.53968253968254,-0.1396886221287525
BOME,4h,BUY,90,0.000757,0.000752,RSI oversold with bullish MACD divergence,1763407995.000968,VOLATILE_BREAKOUT,BULLISH,Decreasing,62.34177215189873,-0.1489419178150136
BOME,4h,BUY,80,0.000753,0.000745,RSI oversold but MACD bearish and price below all EMAs,1763411640.961471,VOLATILE_BREAKOUT,BULLISH,Decreasing,62.14511041009464,-0.1484735470042745
BOME,4h,BUY,90,0.000753,0.000745,RSI oversold with MACD near bullish reversal,1763415288.313586,VOLATILE_BREAKOUT,BULLISH,Decreasing,61.94968553459119,-0.149664543989229
BOME,4h,BUY,75,0.000673,0.000665,"RSI oversold, MACD near bullish reversal",1765431006.7543,WEAK_TREND,BULLISH,Decreasing,61.75548589341693,-0.1491968422892627
BOME,4h,BUY,70,0.000675,0.000665,"RSI near oversold, price at recent low support",1765432192.659912,WEAK_TREND,BULLISH,Decreasing,61.5625,-0.1818291573809465
BOME,4h,BUY,70,0.000676,0.000665,"RSI oversold, price near recent low, MACD potential reversal",1765432388.920021,WEAK_TREND,BULLISH,Decreasing,61.6822429906542,-0.1803415611772541
BOME,4h,NOTHING,65,0.000673,0.00073,Mixed signals with weak trend and low volume,1765433876.233326,WEAK_TREND,SIDEWAYS,Decreasing,61.80124223602485,-0.1793245651731507
BOME,4h,BUY,70,0.000674,0.000665,"RSI near oversold, price at recent low support",1765434098.028608,WEAK_TREND,BULLISH,Decreasing,61.60990712074303,-0.1801408072011611
BOME,4h,NOTHING,65,0.00067,20.0,"RSI neutral, MACD bearish but flat, price below key EMAs",1765434658.887127,WEAK_TREND,SIDEWAYS,Decreasing,61.72839506172839,-0.1795865277943883
BOME,4h,NOTHING,65,0.000672,20.0,"RSI neutral, MACD bearish but flat, price below key EMAs in weak trend",1765435842.430484,WEAK_TREND,SIDEWAYS,Decreasing,61.53846153846154,-0.1808561145498933
BOME,4h,NOTHING,65,0.000675,0.00066,"RSI neutral, MACD bearish but weak, price below key EMAs",1765437522.825579,WEAK_TREND,SIDEWAYS,Decreasing,61.65644171779141,-0.1803030377469884
BOME,4h,NOTHING,65,0.000673,20.0,"Indicators neutral: RSI ~40, MACD bearish but flat, price below EMAs in weak trend",1765438305.785974,WEAK_TREND,SIDEWAYS,Decreasing,61.7737003058104,-0.1797533333636135
BOME,4h,NOTHING,65,0.000679,20.0,"RSI neutral, MACD bearish but flat, price below key EMAs",1765439482.909541,NEUTRAL,SIDEWAYS,Decreasing,61.89024390243903,-0.1792069706482225
BOME,4h,NOTHING,65,0.000675,20.0,"RSI neutral, MACD bearish but flat, price below key EMAs",1765441166.695062,NEUTRAL,SIDEWAYS,Decreasing,62.00607902735562,-0.1786639192220158
BOME,4h,BUY,75,0.000673,0.000665,RSI oversold and price below all EMAs,1765441948.52975,NEUTRAL,BULLISH,Decreasing,62.121212121212125,-0.1781241490733088
BOME,4h,BUY,75,0.000674,0.000665,"RSI oversold near 42, MACD turning up from lows",1765443126.255533,NEUTRAL,BULLISH,Decreasing,62.2356495468278,-0.1775876305520037
BOME,4h,BUY,70,0.000671,0.000665,"RSI oversold, price near recent low with MACD potential reversal",1765444817.00602,NEUTRAL,BULLISH,Decreasing,62.34939759036144,-0.176608122922406
BOME,4h,BUY,70,0.000674,0.000665,"RSI oversold, price near recent low, MACD potential reversal",1765445593.759889,NEUTRAL,BULLISH,Decreasing,62.16216216216216,-0.177412002367449
BOME,4h,BUY,70,0.000672,0.000665,"RSI near oversold, price below EMAs but showing potential reversal",1765446775.322884,NEUTRAL,BULLISH,Decreasing,62.27544910179641,-0.1755478056746601
BOME,4h,BUY,75,0.000668,0.000665,"RSI oversold, price near lower Bollinger Band",1765448478.941779,NEUTRAL,BULLISH,Decreasing,62.089552238805965,-0.1759084845418323
BOME,4h,BUY,75,0.000668,0.000665,"RSI oversold, price near lower Bollinger Band",1765449245.185612,NEUTRAL,BULLISH,Decreasing,61.90476190476191,-0.1771527860572515
BOME,4h,BUY,75,0.00067,0.000665,"RSI oversold, MACD potential reversal forming",1765450421.820845,NEUTRAL,BULLISH,Decreasing,61.72106824925816,-0.176628665388443
BOME,4h,BUY,75,0.000671,0.000665,"RSI oversold, MACD near bullish reversal",1765452127.138046,NEUTRAL,BULLISH,Decreasing,61.834319526627226,-0.1752244475035072
BOME,4h,BUY,70,0.000673,0.000665,"RSI near oversold, MACD potential reversal forming",1765452885.156044,NEUTRAL,BULLISH,Decreasing,61.94690265486725,-0.1742700999186637
BOME,4h,BUY,75,0.000673,0.000665,"RSI oversold, price near Bollinger lower band",1765454071.850291,NEUTRAL,BULLISH,Decreasing,62.05882352941177,-0.1728849600563082
BOME,4h,NOTHING,65,0.000675,20.0,"RSI neutral, MACD bearish but flat, price below key EMAs",1765456979.29153,NEUTRAL,SIDEWAYS,Decreasing,61.87683284457478,-0.1723794484771962
BOME,4h,NOTHING,65,0.000673,0.000665,"RSI neutral, MACD bearish but weak, price below key EMAs",1765456987.372653,VOLATILE_BREAKOUT,SIDEWAYS,Decreasing,61.98830409356725,-0.1710104797638282
BOME,4h,NOTHING,65,0.000674,0.000665,"RSI neutral, MACD bearish but weak, price below key EMAs",1765457714.556676,VOLATILE_BREAKOUT,SIDEWAYS,Decreasing,62.09912536443149,-0.1705133562761427
BOME,4h,NOTHING,65,0.000676,0.000665,"Indicators neutral, price consolidating near EMAs",1765460631.261874,NEUTRAL,SIDEWAYS,Decreasing,62.2093023255814,-0.170019114663748
BOME,4h,NOTHING,70,0.000676,0.00066,"Indicators neutral: RSI ~43, MACD negative but flat, price below EMAs",1765460631.561269,NEUTRAL,SIDEWAYS,Decreasing,62.31884057971014,-0.1695277299392864
BOME,4h,NOTHING,65,0.000674,20.0,"RSI neutral, MACD bearish but weak, price below key EMAs",1765461360.149959,VOLATILE_BREAKOUT,SIDEWAYS,Decreasing,62.42774566473989,-0.1690391774034383
BOME,4h,BUY,70,0.000671,0.000665,"RSI near oversold, price below EMAs but MACD may be bottoming",1765464292.364997,VOLATILE_BREAKOUT,BULLISH,Decreasing,62.53602305475504,-0.1685534326407847
BOME,4h,NOTHING,65,0.000671,20.0,"RSI neutral, MACD bearish but flat, price below key EMAs",1765464292.413419,VOLATILE_BREAKOUT,SIDEWAYS,Decreasing,62.53602305475504,-0.1685534326407847
BOME,4h,NOTHING,65,0.000665,0.00065,"RSI neutral, MACD bearish but weak, price below key EMAs",1765465026.239296,VOLATILE_BREAKOUT,SIDEWAYS,Decreasing,62.46418338108882,-0.1675902701685516
BOME,4h,NOTHING,65,0.000668,0.00065,"RSI neutral, MACD bearish but weak, price below key EMAs",1765471562.558443,VOLATILE_BREAKOUT,SIDEWAYS,Decreasing,62.57142857142857,-0.1671128050113763
BOME,4h,BUY,75,0.000687,0.000665,"RSI oversold, MACD potential reversal, price near lower Bollinger Band",1765493145.077893,NEUTRAL,BULLISH,Decreasing,62.67806267806267,-0.1666380527244122
BOME,4h,BUY,75,0.000711,0.0007,Price breakout above key EMAs with bullish MACD convergence,1765493203.276809,NEUTRAL,BULLISH,Decreasing,62.78409090909091,-0.1661659902521051
BOME,4h,BUY,75,0.000705,0.000688,RSI oversold with bullish MACD reversal,1765496102.928216,NEUTRAL,BULLISH,Increasing,62.889518413597735,-0.1558280925913381
BOME,4h,BUY,90,0.000705,0.000665,"RSI oversold, MACD convergence, price near recent low",1765497733.217476,NEUTRAL,BULLISH,Decreasing,62.71186440677966,-0.1577662722080952
BOME,4h,BUY,90,0.000697,0.000665,"RSI oversold below 35, price near recent low support",1765505269.167222,NEUTRAL,BULLISH,Decreasing,62.53521126760564,-0.1573231085221174
BOME,4h,BUY,75,0.000582,0.000561,"RSI near oversold, MACD turning bullish, price below EMA suggesting potential reversal",1766061261.987841,VOLATILE_BREAKOUT,BULLISH,Decreasing,62.35955056179775,-0.160061003940962
BOME,4h,BUY,75,0.00058,0.000565,"RSI oversold, MACD turning bullish, price at support",1766061449.305476,VOLATILE_BREAKOUT,BULLISH,Decreasing,62.18487394957983,-0.2057012878402476
BOME,4h,BUY,75,0.000585,0.000578,"MACD turning bullish, RSI neutral but price action shows breakout attempt",1766064920.476419,VOLATILE_BREAKOUT,BULLISH,Decreasing,62.01117318435754,-0.2060855255111212
BOME,4h,BUY,75,0.000593,0.000585,"MACD turning bullish, RSI neutral but price breaking above recent resistance",1766067092.050671,VOLATILE_BREAKOUT,BULLISH,Decreasing,62.11699164345404,-0.2031184297027091
BOME,4h,BUY,75,0.000584,0.00058,"RSI near oversold, MACD turning bullish, volume surge",1766068610.991342,VOLATILE_BREAKOUT,BULLISH,Increasing,62.22222222222222,-0.1987676269403155
BOME,4h,BUY,75,0.00058,0.000578,RSI neutral but MACD turning bullish with volume surge,1766070756.807178,VOLATILE_BREAKOUT,BULLISH,Increasing,62.04986149584487,-0.2024111047021613
BOME,4h,BUY,75,0.000596,0.000585,RSI neutral but MACD turning bullish with strong volume breakout,1766072269.036103,VOLATILE_BREAKOUT,BULLISH,Increasing,61.87845303867403,-0.2037403620083518
BOME,4h,BUY,70,0.000599,0.000595,"MACD turning bullish, RSI neutral but price above 20EMA",1766074411.289421,SIDEWAYS,BULLISH,Decreasing,61.98347107438017,-0.1956020074708147
BOME,4h,BUY,75,0.000592,0.000591,"RSI oversold, MACD turning bullish, price at support",1766075910.528612,NEUTRAL,BULLISH,Decreasing,62.08791208791209,-0.1936870548347357
BOME,4h,BUY,75,0.000569,0.000554,RSI oversold with bullish MACD divergence,1766078060.024018,VOLATILE_BREAKOUT,BULLISH,Decreasing,61.917808219178085,-0.1963507906337177
BOME,4h,BUY,75,0.00056,0.000552,"RSI oversold, MACD potential reversal, volatile breakout regime",1766079555.369762,VOLATILE_BREAKOUT,BULLISH,Increasing,61.74863387978142,-0.2064019741337215
BOME,4h,BUY,75,0.000559,0.000552,RSI oversold with bullish MACD divergence,1766081707.029905,VOLATILE_BREAKOUT,BULLISH,Increasing,61.58038147138964,-0.2101392576818892
BOME,4h,BUY,75,0.000561,0.000553,RSI oversold with bullish MACD divergence,1766083201.844853,VOLATILE_BREAKOUT,BULLISH,Increasing,61.41304347826087,-0.2100537080095031
BOME,4h,BUY,90,0.000546,0.000553,RSI oversold with bullish divergence and high volume breakout,1766085351.837457,VOLATILE_BREAKOUT,BULLISH,Increasing,61.51761517615176,-0.2085190175739893
BOME,4h,BUY,90,0.000544,0.000548,"RSI oversold, MACD potential reversal, volume surge",1766086847.353438,VOLATILE_BREAKOUT,BULLISH,Increasing,61.35135135135135,-0.2151639711423717
BOME,4h,BUY,90,0.000538,0.000534,"RSI oversold, price at lower Bollinger Band",1766088992.956438,VOLATILE_BREAKOUT,BULLISH,Decreasing,61.18598382749326,-0.2155702517745169
BOME,4h,BUY,90,0.000536,0.000534,Oversold RSI with bullish divergence potential,1766090489.270104,VOLATILE_BREAKOUT,BULLISH,Decreasing,61.02150537634409,-0.2179492622964903
BOME,4h,BUY,90,0.000542,0.000534,"RSI oversold, MACD potential bullish divergence forming",1766092640.184121,VOLATILE_BREAKOUT,BULLISH,Decreasing,60.85790884718498,-0.2183604867606598
BOME,4h,BUY,75,0.00055,0.000534,"RSI oversold, price near lower Bollinger Band",1766094144.274768,VOLATILE_BREAKOUT,BULLISH,Decreasing,60.962566844919785,-0.2147931175024324
BOME,4h,BUY,75,0.000552,0.000539,"RSI oversold, price near lower Bollinger Band",1766096300.056644,VOLATILE_BREAKOUT,BULLISH,Decreasing,61.06666666666667,-0.2102962880405971
BOME,4h,BUY,75,0.000552,0.000534,RSI oversold with price near Bollinger lower band,1766097809.3763,VOLATILE_BREAKOUT,BULLISH,Decreasing,61.17021276595744,-0.2087739202642657
BOME,4h,BUY,75,0.000551,0.000534,"RSI oversold, MACD near bullish reversal",1766099974.332851,VOLATILE_BREAKOUT,BULLISH,Decreasing,61.0079575596817,-0.2082216083058947
BOME,4h,BUY,75,0.000547,0.000538,RSI oversold and price near Bollinger lower band,1766101479.538463,VOLATILE_BREAKOUT,BULLISH,Decreasing,60.84656084656085,-0.2081502041158787
BOME,4h,BUY,75,0.00055,0.000533,RSI oversold and price near Bollinger Band lower boundary,1766103624.73608,VOLATILE_BREAKOUT,BULLISH,Decreasing,60.68601583113457,-0.2095128425604873
BOME,4h,BUY,75,0.000547,0.000533,"RSI oversold at 32.18, price near lower Bollinger Band",1766105146.840565,VOLATILE_BREAKOUT,BULLISH,Decreasing,60.78947368421053,-0.2075234490905915
BOME,4h,BUY,75,0.000546,0.000545,"RSI oversold, price at lower Bollinger Band",1766107335.659508,VOLATILE_BREAKOUT,BULLISH,Decreasing,60.629921259842526,-0.2084080854685076
BOME,4h,BUY,75,0.000541,0.000532,"RSI oversold, price below EMAs suggests potential reversal",1766108818.212388,VOLATILE_BREAKOUT,BULLISH,Decreasing,60.47120418848168,-0.2083412637218273
BOME,4h,BUY,75,0.000542,0.000532,RSI oversold and price near Bollinger Band lower boundary,1766110984.75213,VOLATILE_BREAKOUT,BULLISH,Decreasing,60.31331592689296,-0.2101834763573196
BOME,4h,BUY,75,0.00055,0.000533,RSI oversold and price near Bollinger Band lower boundary,1766112482.583427,VOLATILE_BREAKOUT,BULLISH,Decreasing,60.41666666666666,-0.2091574338640565
BOME,4h,BUY,75,0.000568,0.000535,"RSI oversold, price below EMAs but showing bounce",1766116140.724679,VOLATILE_BREAKOUT,BULLISH,Increasing,60.51948051948052,-0.2047917027914874
BOME,4h,BUY,75,0.00057,0.000535,"RSI near oversold, MACD turning positive, price below EMA suggesting potential reversal",1766118758.867269,WEAK_TREND,BULLISH,Decreasing,60.62176165803109,-0.1958058656454441
BOME,4h,BUY,70,0.00057,0.000535,"RSI near oversold, MACD turning up from lows",1766119799.525398,WEAK_TREND,BULLISH,Decreasing,60.72351421188631,-0.1943937044554911
BOME,4h,BUY,75,0.00057,0.000535,RSI oversold and MACD turning bullish,1766122424.641191,WEAK_TREND,BULLISH,Decreasing,60.567010309278345,-0.1938939777088189
BOME,4h,BUY,75,0.00057,0.000535,"RSI oversold, MACD turning bullish, price below EMAs for potential reversal",1766123473.857226,WEAK_TREND,BULLISH,Decreasing,60.411311053984576,-0.1933968136634116
BOME,4h,BUY,75,0.000567,0.000535,"RSI oversold, price below EMAs suggests potential reversal",1766126088.6135,WEAK_TREND,BULLISH,Decreasing,60.256410256410255,-0.1929021926565998
BOME,4h,BUY,75,0.000571,0.000535,"RSI near oversold, MACD histogram turning positive",1766129740.438588,WEAK_TREND,BULLISH,Decreasing,60.10230179028133,-0.1937527375464394
